Workbook

Sheet Dashboard
W1: ▪

Sheet REGISTER SK
A1: ( Nama Perusahaan / Institusi )
A2: BUKU REGISTER SK KETUA ( Nama Perusahaan / Institusi )
A4: No. Urut | B4: Tahun | C4: Nomor SK | D4: Tgl SK | E4: TMT | F4: Perihal | G4: Cek Fisik
A5: 1
H217: 29 | I217: 2021 | J217: SK GTY untuk keperluan Dapodik
H218: 31 | I218: 2021 | J218: SK GTY untuk keperluan Dapodik
H219: 32 | I219: 2021 | J219: SK GTY untuk keperluan Dapodik
H220: 1 | I220: 2022 | J220: SK GTY untuk keperluan Dapodik
H221: 45 | I221: 2022 | J221: SK GTY untuk keperluan Dapodik
H256: x
H326: x

Sheet Draft SK
A1: Print | B1: cek | C1: x.nipy | D1: Tahun | E1: TP | F1: NO.DP | G1: Jenis | H1: Nama | I1: Nomor | J1: Bulan Laporan | K1: Nomor Laporan Penilaian | L1: TGL SKP | M1: TMT | N1: NIPY | O1: TTL | P1: Pendidikan | Q1: Tugas | R1: SK P/G TT PERTAMA | S1: TMT Pertama Kali | T1: MK Lama | U1: MK Baru | V1: Detail | W1: NAMA SK | Y1: H.M.Kerja | Z1: Tahun | AA1: Bulan | AB1: Last ptt/gtt | AC1: Bantu SK | AD1: Hitung BSK | AE1: GTT/GTY | AF1: No.SK | AG1: Tgl SK | AH1: TMT | AI1: Tanggal SK | AJ1: tgl | AK1: bulan | AL1: Tahun | AM1: Pertama TT | AN1: tgl | AO1: bulan | AP1: Tahun | AQ1: TMT ini | AR1: tgl | AS1: bulan | AT1: Tahun | AU1: LAPORAN PENILAIAN
A2: 1 | B2: ok | C2: =IF(G2="","",IF(G2="Umum",G2,VLOOKUP(F2,'Data Induk Pegawai'!B:AE,4,FALSE))) | D2: =IF('REGISTER SK'!A5="","",IF('REGISTER SK'!B5=0,D1,'REGISTER SK'!B5)) -> Tahun | E2: 2015/2016 | H2: =IF(F2="","",VLOOKUP(F2,'Data Induk Pegawai'!B:U,2,FALSE)) | I2: =IF('REGISTER SK'!C5="","",'REGISTER SK'!C5) | L2: =IF('REGISTER SK'!D5="","",'REGISTER SK'!D5) | M2: =IF('REGISTER SK'!E5="","",'REGISTER SK'!E5) | N2: =IF(G2="","",IF(OR(G2="GTT",G2="PTT"),"--",VLOOKUP(F2,'Data Induk Pegawai'!B:AE,4,FALSE))) | O2: Pemalang, 17 Mei 1979 | P2: =IF(G2="","",VLOOKUP(F2,'Data Induk Pegawai'!B:AE,7,FALSE)) | R2: =IF(G2="","","Nomor "&RIGHT(VLOOKUP(F2,'Data Induk Pegawai'!B:AE,12,FALSE),2)&" Tahun "&MID(VLOOKUP(F2,'Data Induk Pegawai'!B:AE,12,FALSE),5,4)) | S2: =IF(G2="","",VLOOKUP(F2,'Data Induk Pegawai'!B:AE,11,FALSE)) | U2: =IF(Y2="","",IF(Z2<1,AA2&" Bulan",IF(AND(Z2>0,AA2=0),Z2&" Tahun",Z2&" Tahun "&AA2&" Bulan"))) | W2: =V2&H2 | Y2: =IFERROR(IF(S2="","",DATEDIF(S2,M2,"M")),"?") | Z2: =IFERROR(IF(Y2="","",ROUNDDOWN(Y2/12,0)),"-") | AA2: =IFERROR(IF(Y2="","",Y2-Z2*12),"-") | AB2: =COUNTIFS(AC2:AC$596,AC2)&AC2 -> 595 | AC2: =IF(LEFT(V2,16)="SK Pemberhentian","OUT"&F2,IF(RIGHT(G2,2)="TT","GPTT",IF(RIGHT(G2,2)="TY","GPTY",G2))&F2) | AD2: =COUNTIFS(AC$2:AC2,AC2)&AC2 -> 1 | AE2: =IF(LEFT(V2,16)="SK Pemberhentian",E2&"OUT"&F2,E2&G2&F2) -> 2015/2016 | AF2: =G2&"."&D2&"."&I2 -> .Tahun. | AG2: =L2 | AH2: =M2 | AI2: =IF(AG2="","",AJ2&" "&VLOOKUP(AK2,AX:AY,2,FALSE)&" "&AL2) | AJ2: =TEXT(AG2,"D") | AK2: =TEXT(AG2,"MMMM") | AL2: =TEXT(AG2,"YYYY") | AM2: =IF(AI2="","",AN2&" "&VLOOKUP(AO2,AX:AY,2,FALSE)&" "&AP2) | AN2: =TEXT(S2,"D") | AO2: =TEXT(S2,"MMMM") | AP2: =TEXT(S2,"YYYY") | AQ2: =IF(AM2="","",AR2&" "&VLOOKUP(AS2,AX:AY,2,FALSE)&" "&AT2) | AR2: =TEXT(M2,"D") | AS2: =TEXT(M2,"MMMM") | AT2: =TEXT(M2,"YYYY") | AU2: =IF(OR(G2="Umum",G2=""),"",VLOOKUP(VALUE(TEXT(M2,"M")-1),AW:AY,3,FALSE)) | AW2: 1 | AX2: January | AY2: Januari | BA2: ='REGISTER SK'!F5 -> 0
A3: 2 | B3: ok | C3: =IF(G3="","",IF(G3="Umum",G3,VLOOKUP(F3,'Data Induk Pegawai'!B:AE,4,FALSE))) | D3: =IF('REGISTER SK'!A6="","",IF('REGISTER SK'!B6=0,D2,'REGISTER SK'!B6)) | E3: =IF(D3="","",D3&"/"&D3+1) | H3: =IF(F3="","",VLOOKUP(F3,'Data Induk Pegawai'!B:U,2,FALSE)) | I3: =IF('REGISTER SK'!C6="","",'REGISTER SK'!C6) | L3: =IF('REGISTER SK'!D6="","",'REGISTER SK'!D6) | M3: =IF('REGISTER SK'!E6="","",'REGISTER SK'!E6) | N3: =IF(G3="","",IF(OR(G3="GTT",G3="PTT"),"--",VLOOKUP(F3,'Data Induk Pegawai'!B:AE,4,FALSE))) | O3: Pemalang, 27 Februari 1990 | P3: =IF(G3="","",VLOOKUP(F3,'Data Induk Pegawai'!B:AE,7,FALSE)) | R3: =IF(G3="","","Nomor "&RIGHT(VLOOKUP(F3,'Data Induk Pegawai'!B:AE,12,FALSE),2)&" Tahun "&MID(VLOOKUP(F3,'Data Induk Pegawai'!B:AE,12,FALSE),5,4)) | S3: =IF(G3="","",VLOOKUP(F3,'Data Induk Pegawai'!B:AE,11,FALSE)) | U3: =IF(Y3="","",IF(Z3<1,AA3&" Bulan",IF(AND(Z3>0,AA3=0),Z3&" Tahun",Z3&" Tahun "&AA3&" Bulan"))) | W3: =V3&H3 | Y3: =IFERROR(IF(S3="","",DATEDIF(S3,M3,"M")),"?") | Z3: =IFERROR(IF(Y3="","",ROUNDDOWN(Y3/12,0)),"-") | AA3: =IFERROR(IF(Y3="","",Y3-Z3*12),"-") | AB3: =COUNTIFS(AC3:AC$596,AC3)&AC3 -> 594 | AC3: =IF(LEFT(V3,16)="SK Pemberhentian","OUT"&F3,IF(RIGHT(G3,2)="TT","GPTT",IF(RIGHT(G3,2)="TY","GPTY",G3))&F3) | AD3: =COUNTIFS(AC$2:AC3,AC3)&AC3 -> 2 | AE3: =IF(LEFT(V3,16)="SK Pemberhentian",E3&"OUT"&F3,E3&G3&F3) | AF3: =G3&"."&D3&"."&I3 -> .. | AG3: =L3 | AH3: =M3 | AI3: =IF(AG3="","",AJ3&" "&VLOOKUP(AK3,AX:AY,2,FALSE)&" "&AL3) | AJ3: =TEXT(AG3,"D") | AK3: =TEXT(AG3,"MMMM") | AL3: =TEXT(AG3,"YYYY") | AM3: =IF(AI3="","",AN3&" "&VLOOKUP(AO3,AX:AY,2,FALSE)&" "&AP3) | AN3: =TEXT(S3,"D") | AO3: =TEXT(S3,"MMMM") | AP3: =TEXT(S3,"YYYY") | AQ3: =IF(AM3="","",AR3&" "&VLOOKUP(AS3,AX:AY,2,FALSE)&" "&AT3) | AR3: =TEXT(M3,"D") | AS3: =TEXT(M3,"MMMM") | AT3: =TEXT(M3,"YYYY") | AU3: =IF(OR(G3="Umum",G3=""),"",VLOOKUP(VALUE(TEXT(M3,"M")-1),AW:AY,3,FALSE)) | AW3: 2 | AX3: February | AY3: Februari | BA3: ='REGISTER SK'!F6 -> 0
A4: 3 | B4: ok | C4: =IF(G4="","",IF(G4="Umum",G4,VLOOKUP(F4,'Data Induk Pegawai'!B:AE,4,FALSE))) | D4: =IF('REGISTER SK'!A7="","",IF('REGISTER SK'!B7=0,D3,'REGISTER SK'!B7)) | E4: =IF(D4="","",D4&"/"&D4+1) | H4: =IF(F4="","",VLOOKUP(F4,'Data Induk Pegawai'!B:U,2,FALSE)) | I4: =IF('REGISTER SK'!C7="","",'REGISTER SK'!C7) | L4: =IF('REGISTER SK'!D7="","",'REGISTER SK'!D7) | M4: =IF('REGISTER SK'!E7="","",'REGISTER SK'!E7) | N4: =IF(G4="","",IF(OR(G4="GTT",G4="PTT"),"--",VLOOKUP(F4,'Data Induk Pegawai'!B:AE,4,FALSE))) | O4: Pemalang, 24 April 1996 | P4: =IF(G4="","",VLOOKUP(F4,'Data Induk Pegawai'!B:AE,7,FALSE)) | R4: =IF(G4="","","Nomor "&RIGHT(VLOOKUP(F4,'Data Induk Pegawai'!B:AE,12,FALSE),2)&" Tahun "&MID(VLOOKUP(F4,'Data Induk Pegawai'!B:AE,12,FALSE),5,4)) | S4: =IF(G4="","",VLOOKUP(F4,'Data Induk Pegawai'!B:AE,11,FALSE)) | U4: =IF(Y4="","",IF(Z4<1,AA4&" Bulan",IF(AND(Z4>0,AA4=0),Z4&" Tahun",Z4&" Tahun "&AA4&" Bulan"))) | W4: =V4&H4 | Y4: =IFERROR(IF(S4="","",DATEDIF(S4,M4,"M")),"?") | Z4: =IFERROR(IF(Y4="","",ROUNDDOWN(Y4/12,0)),"-") | AA4: =IFERROR(IF(Y4="","",Y4-Z4*12),"-") | AB4: =COUNTIFS(AC4:AC$596,AC4)&AC4 -> 593 | AC4: =IF(LEFT(V4,16)="SK Pemberhentian","OUT"&F4,IF(RIGHT(G4,2)="TT","GPTT",IF(RIGHT(G4,2)="TY","GPTY",G4))&F4) | AD4: =COUNTIFS(AC$2:AC4,AC4)&AC4 -> 3 | AE4: =IF(LEFT(V4,16)="SK Pemberhentian",E4&"OUT"&F4,E4&G4&F4) | AF4: =G4&"."&D4&"."&I4 -> .. | AG4: =L4 | AH4: =M4 | AI4: =IF(AG4="","",AJ4&" "&VLOOKUP(AK4,AX:AY,2,FALSE)&" "&AL4) | AJ4: =TEXT(AG4,"D") | AK4: =TEXT(AG4,"MMMM") | AL4: =TEXT(AG4,"YYYY") | AM4: =IF(AI4="","",AN4&" "&VLOOKUP(AO4,AX:AY,2,FALSE)&" "&AP4) | AN4: =TEXT(S4,"D") | AO4: =TEXT(S4,"MMMM") | AP4: =TEXT(S4,"YYYY") | AQ4: =IF(AM4="","",AR4&" "&VLOOKUP(AS4,AX:AY,2,FALSE)&" "&AT4) | AR4: =TEXT(M4,"D") | AS4: =TEXT(M4,"MMMM") | AT4: =TEXT(M4,"YYYY") | AU4: =IF(OR(G4="Umum",G4=""),"",VLOOKUP(VALUE(TEXT(M4,"M")-1),AW:AY,3,FALSE)) | AW4: 3 | AX4: March | AY4: Maret | BA4: ='REGISTER SK'!F7 -> 0
A5: 4 | B5: ok | C5: =IF(G5="","",IF(G5="Umum",G5,VLOOKUP(F5,'Data Induk Pegawai'!B:AE,4,FALSE))) | D5: =IF('REGISTER SK'!A8="","",IF('REGISTER SK'!B8=0,D4,'REGISTER SK'!B8)) | E5: =IF(D5="","",D5&"/"&D5+1) | H5: =IF(F5="","",VLOOKUP(F5,'Data Induk Pegawai'!B:U,2,FALSE)) | I5: =IF('REGISTER SK'!C8="","",'REGISTER SK'!C8) | L5: =IF('REGISTER SK'!D8="","",'REGISTER SK'!D8) | M5: =IF('REGISTER SK'!E8="","",'REGISTER SK'!E8) | N5: =IF(G5="","",IF(OR(G5="GTT",G5="PTT"),"--",VLOOKUP(F5,'Data Induk Pegawai'!B:AE,4,FALSE))) | O5: Pemalang, 15 Agustus 1996 | P5: =IF(G5="","",VLOOKUP(F5,'Data Induk Pegawai'!B:AE,7,FALSE)) | R5: =IF(G5="","","Nomor "&RIGHT(VLOOKUP(F5,'Data Induk Pegawai'!B:AE,12,FALSE),2)&" Tahun "&MID(VLOOKUP(F5,'Data Induk Pegawai'!B:AE,12,FALSE),5,4)) | S5: =IF(G5="","",VLOOKUP(F5,'Data Induk Pegawai'!B:AE,11,FALSE)) | U5: =IF(Y5="","",IF(Z5<1,AA5&" Bulan",IF(AND(Z5>0,AA5=0),Z5&" Tahun",Z5&" Tahun "&AA5&" Bulan"))) | W5: =V5&H5 | Y5: =IFERROR(IF(S5="","",DATEDIF(S5,M5,"M")),"?") | Z5: =IFERROR(IF(Y5="","",ROUNDDOWN(Y5/12,0)),"-") | AA5: =IFERROR(IF(Y5="","",Y5-Z5*12),"-") | AB5: =COUNTIFS(AC5:AC$596,AC5)&AC5 -> 592 | AC5: =IF(LEFT(V5,16)="SK Pemberhentian","OUT"&F5,IF(RIGHT(G5,2)="TT","GPTT",IF(RIGHT(G5,2)="TY","GPTY",G5))&F5) | AD5: =COUNTIFS(AC$2:AC5,AC5)&AC5 -> 4 | AE5: =IF(LEFT(V5,16)="SK Pemberhentian",E5&"OUT"&F5,E5&G5&F5) | AF5: =G5&"."&D5&"."&I5 -> .. | AG5: =L5 | AH5: =M5 | AI5: =IF(AG5="","",AJ5&" "&VLOOKUP(AK5,AX:AY,2,FALSE)&" "&AL5) | AJ5: =TEXT(AG5,"D") | AK5: =TEXT(AG5,"MMMM") | AL5: =TEXT(AG5,"YYYY") | AM5: =IF(AI5="","",AN5&" "&VLOOKUP(AO5,AX:AY,2,FALSE)&" "&AP5) | AN5: =TEXT(S5,"D") | AO5: =TEXT(S5,"MMMM") | AP5: =TEXT(S5,"YYYY") | AQ5: =IF(AM5="","",AR5&" "&VLOOKUP(AS5,AX:AY,2,FALSE)&" "&AT5) | AR5: =TEXT(M5,"D") | AS5: =TEXT(M5,"MMMM") | AT5: =TEXT(M5,"YYYY") | AU5: =IF(OR(G5="Umum",G5=""),"",VLOOKUP(VALUE(TEXT(M5,"M")-1),AW:AY,3,FALSE)) | AW5: 4 | AX5: April | AY5: April | BA5: ='REGISTER SK'!F8 -> 0
A6: 5 | B6: ok | C6: =IF(G6="","",IF(G6="Umum",G6,VLOOKUP(F6,'Data Induk Pegawai'!B:AE,4,FALSE))) | D6: =IF('REGISTER SK'!A9="","",IF('REGISTER SK'!B9=0,D5,'REGISTER SK'!B9)) | E6: =IF(D6="","",D6&"/"&D6+1) | H6: =IF(F6="","",VLOOKUP(F6,'Data Induk Pegawai'!B:U,2,FALSE)) | I6: =IF('REGISTER SK'!C9="","",'REGISTER SK'!C9) | L6: =IF('REGISTER SK'!D9="","",'REGISTER SK'!D9) | M6: =IF('REGISTER SK'!E9="","",'REGISTER SK'!E9) | N6: =IF(G6="","",IF(OR(G6="GTT",G6="PTT"),"--",VLOOKUP(F6,'Data Induk Pegawai'!B:AE,4,FALSE))) | O6: Pemalang, 17 Mei 1979 | P6: =IF(G6="","",VLOOKUP(F6,'Data Induk Pegawai'!B:AE,7,FALSE)) | R6: =IF(G6="","","Nomor "&RIGHT(VLOOKUP(F6,'Data Induk Pegawai'!B:AE,12,FALSE),2)&" Tahun "&MID(VLOOKUP(F6,'Data Induk Pegawai'!B:AE,12,FALSE),5,4)) | S6: =IF(G6="","",VLOOKUP(F6,'Data Induk Pegawai'!B:AE,11,FALSE)) | U6: =IF(Y6="","",IF(Z6<1,AA6&" Bulan",IF(AND(Z6>0,AA6=0),Z6&" Tahun",Z6&" Tahun "&AA6&" Bulan"))) | W6: =V6&H6 | Y6: =IFERROR(IF(S6="","",DATEDIF(S6,M6,"M")),"?") | Z6: =IFERROR(IF(Y6="","",ROUNDDOWN(Y6/12,0)),"-") | AA6: =IFERROR(IF(Y6="","",Y6-Z6*12),"-") | AB6: =COUNTIFS(AC6:AC$596,AC6)&AC6 -> 591 | AC6: =IF(LEFT(V6,16)="SK Pemberhentian","OUT"&F6,IF(RIGHT(G6,2)="TT","GPTT",IF(RIGHT(G6,2)="TY","GPTY",G6))&F6) | AD6: =COUNTIFS(AC$2:AC6,AC6)&AC6 -> 5 | AE6: =IF(LEFT(V6,16)="SK Pemberhentian",E6&"OUT"&F6,E6&G6&F6) | AF6: =G6&"."&D6&"."&I6 -> .. | AG6: =L6 | AH6: =M6 | AI6: =IF(AG6="","",AJ6&" "&VLOOKUP(AK6,AX:AY,2,FALSE)&" "&AL6) | AJ6: =TEXT(AG6,"D") | AK6: =TEXT(AG6,"MMMM") | AL6: =TEXT(AG6,"YYYY") | AM6: =IF(AI6="","",AN6&" "&VLOOKUP(AO6,AX:AY,2,FALSE)&" "&AP6) | AN6: =TEXT(S6,"D") | AO6: =TEXT(S6,"MMMM") | AP6: =TEXT(S6,"YYYY") | AQ6: =IF(AM6="","",AR6&" "&VLOOKUP(AS6,AX:AY,2,FALSE)&" "&AT6) | AR6: =TEXT(M6,"D") | AS6: =TEXT(M6,"MMMM") | AT6: =TEXT(M6,"YYYY") | AU6: =IF(OR(G6="Umum",G6=""),"",VLOOKUP(VALUE(TEXT(M6,"M")-1),AW:AY,3,FALSE)) | AW6: 5 | AX6: May | AY6: Mei | BA6: ='REGISTER SK'!F9 -> 0
A7: 6 | B7: ok | C7: =IF(G7="","",IF(G7="Umum",G7,VLOOKUP(F7,'Data Induk Pegawai'!B:AE,4,FALSE))) | D7: =IF('REGISTER SK'!A10="","",IF('REGISTER SK'!B10=0,D6,'REGISTER SK'!B10)) | E7: =IF(D7="","",D7&"/"&D7+1) | H7: =IF(F7="","",VLOOKUP(F7,'Data Induk Pegawai'!B:U,2,FALSE)) | I7: =IF('REGISTER SK'!C10="","",'REGISTER SK'!C10) | L7: =IF('REGISTER SK'!D10="","",'REGISTER SK'!D10) | M7: =IF('REGISTER SK'!E10="","",'REGISTER SK'!E10) | N7: =IF(G7="","",IF(OR(G7="GTT",G7="PTT"),"--",VLOOKUP(F7,'Data Induk Pegawai'!B:AE,4,FALSE))) | O7: Pemalang, 25 Desember 1986 | P7: =IF(G7="","",VLOOKUP(F7,'Data Induk Pegawai'!B:AE,7,FALSE)) | R7: =IF(G7="","","Nomor "&RIGHT(VLOOKUP(F7,'Data Induk Pegawai'!B:AE,12,FALSE),2)&" Tahun "&MID(VLOOKUP(F7,'Data Induk Pegawai'!B:AE,12,FALSE),5,4)) | S7: =IF(G7="","",VLOOKUP(F7,'Data Induk Pegawai'!B:AE,11,FALSE)) | U7: =IF(Y7="","",IF(Z7<1,AA7&" Bulan",IF(AND(Z7>0,AA7=0),Z7&" Tahun",Z7&" Tahun "&AA7&" Bulan"))) | W7: =V7&H7 | Y7: =IFERROR(IF(S7="","",DATEDIF(S7,M7,"M")),"?") | Z7: =IFERROR(IF(Y7="","",ROUNDDOWN(Y7/12,0)),"-") | AA7: =IFERROR(IF(Y7="","",Y7-Z7*12),"-") | AB7: =COUNTIFS(AC7:AC$596,AC7)&AC7 -> 590 | AC7: =IF(LEFT(V7,16)="SK Pemberhentian","OUT"&F7,IF(RIGHT(G7,2)="TT","GPTT",IF(RIGHT(G7,2)="TY","GPTY",G7))&F7) | AD7: =COUNTIFS(AC$2:AC7,AC7)&AC7 -> 6 | AE7: =IF(LEFT(V7,16)="SK Pemberhentian",E7&"OUT"&F7,E7&G7&F7) | AF7: =G7&"."&D7&"."&I7 -> .. | AG7: =L7 | AH7: =M7 | AI7: =IF(AG7="","",AJ7&" "&VLOOKUP(AK7,AX:AY,2,FALSE)&" "&AL7) | AJ7: =TEXT(AG7,"D") | AK7: =TEXT(AG7,"MMMM") | AL7: =TEXT(AG7,"YYYY") | AM7: =IF(AI7="","",AN7&" "&VLOOKUP(AO7,AX:AY,2,FALSE)&" "&AP7) | AN7: =TEXT(S7,"D") | AO7: =TEXT(S7,"MMMM") | AP7: =TEXT(S7,"YYYY") | AQ7: =IF(AM7="","",AR7&" "&VLOOKUP(AS7,AX:AY,2,FALSE)&" "&AT7) | AR7: =TEXT(M7,"D") | AS7: =TEXT(M7,"MMMM") | AT7: =TEXT(M7,"YYYY") | AU7: =IF(OR(G7="Umum",G7=""),"",VLOOKUP(VALUE(TEXT(M7,"M")-1),AW:AY,3,FALSE)) | AW7: 6 | AX7: June | AY7: Juni | BA7: ='REGISTER SK'!F10 -> 0
A8: 7 | B8: ok | C8: =IF(G8="","",IF(G8="Umum",G8,VLOOKUP(F8,'Data Induk Pegawai'!B:AE,4,FALSE))) | D8: =IF('REGISTER SK'!A11="","",IF('REGISTER SK'!B11=0,D7,'REGISTER SK'!B11)) | E8: =IF(D8="","",D8&"/"&D8+1) | H8: =IF(F8="","",VLOOKUP(F8,'Data Induk Pegawai'!B:U,2,FALSE)) | I8: =IF('REGISTER SK'!C11="","",'REGISTER SK'!C11) | L8: =IF('REGISTER SK'!D11="","",'REGISTER SK'!D11) | M8: =IF('REGISTER SK'!E11="","",'REGISTER SK'!E11) | N8: =IF(G8="","",IF(OR(G8="GTT",G8="PTT"),"--",VLOOKUP(F8,'Data Induk Pegawai'!B:AE,4,FALSE))) | O8: Pemalang, 20 Februari 1981 | P8: =IF(G8="","",VLOOKUP(F8,'Data Induk Pegawai'!B:AE,7,FALSE)) | R8: =IF(G8="","","Nomor "&RIGHT(VLOOKUP(F8,'Data Induk Pegawai'!B:AE,12,FALSE),2)&" Tahun "&MID(VLOOKUP(F8,'Data Induk Pegawai'!B:AE,12,FALSE),5,4)) | S8: =IF(G8="","",VLOOKUP(F8,'Data Induk Pegawai'!B:AE,11,FALSE)) | U8: =IF(Y8="","",IF(Z8<1,AA8&" Bulan",IF(AND(Z8>0,AA8=0),Z8&" Tahun",Z8&" Tahun "&AA8&" Bulan"))) | W8: =V8&H8 | Y8: =IFERROR(IF(S8="","",DATEDIF(S8,M8,"M")),"?") | Z8: =IFERROR(IF(Y8="","",ROUNDDOWN(Y8/12,0)),"-") | AA8: =IFERROR(IF(Y8="","",Y8-Z8*12),"-") | AB8: =COUNTIFS(AC8:AC$596,AC8)&AC8 -> 589 | AC8: =IF(LEFT(V8,16)="SK Pemberhentian","OUT"&F8,IF(RIGHT(G8,2)="TT","GPTT",IF(RIGHT(G8,2)="TY","GPTY",G8))&F8) | AD8: =COUNTIFS(AC$2:AC8,AC8)&AC8 -> 7 | AE8: =IF(LEFT(V8,16)="SK Pemberhentian",E8&"OUT"&F8,E8&G8&F8) | AF8: =G8&"."&D8&"."&I8 -> .. | AG8: =L8 | AH8: =M8 | AI8: =IF(AG8="","",AJ8&" "&VLOOKUP(AK8,AX:AY,2,FALSE)&" "&AL8) | AJ8: =TEXT(AG8,"D") | AK8: =TEXT(AG8,"MMMM") | AL8: =TEXT(AG8,"YYYY") | AM8: =IF(AI8="","",AN8&" "&VLOOKUP(AO8,AX:AY,2,FALSE)&" "&AP8) | AN8: =TEXT(S8,"D") | AO8: =TEXT(S8,"MMMM") | AP8: =TEXT(S8,"YYYY") | AQ8: =IF(AM8="","",AR8&" "&VLOOKUP(AS8,AX:AY,2,FALSE)&" "&AT8) | AR8: =TEXT(M8,"D") | AS8: =TEXT(M8,"MMMM") | AT8: =TEXT(M8,"YYYY") | AU8: =IF(OR(G8="Umum",G8=""),"",VLOOKUP(VALUE(TEXT(M8,"M")-1),AW:AY,3,FALSE)) | AW8: 7 | AX8: July | AY8: Juli | BA8: ='REGISTER SK'!F11 -> 0
A9: 8 | B9: ok | C9: =IF(G9="","",IF(G9="Umum",G9,VLOOKUP(F9,'Data Induk Pegawai'!B:AE,4,FALSE))) | D9: =IF('REGISTER SK'!A12="","",IF('REGISTER SK'!B12=0,D8,'REGISTER SK'!B12)) | E9: =IF(D9="","",D9&"/"&D9+1) | H9: =IF(F9="","",VLOOKUP(F9,'Data Induk Pegawai'!B:U,2,FALSE)) | I9: =IF('REGISTER SK'!C12="","",'REGISTER SK'!C12) | L9: =IF('REGISTER SK'!D12="","",'REGISTER SK'!D12) | M9: =IF('REGISTER SK'!E12="","",'REGISTER SK'!E12) | N9: =IF(G9="","",IF(OR(G9="GTT",G9="PTT"),"--",VLOOKUP(F9,'Data Induk Pegawai'!B:AE,4,FALSE))) | O9: Pemalang, 20 Februari 1981 | P9: =IF(G9="","",VLOOKUP(F9,'Data Induk Pegawai'!B:AE,7,FALSE)) | R9: =IF(G9="","","Nomor "&RIGHT(VLOOKUP(F9,'Data Induk Pegawai'!B:AE,12,FALSE),2)&" Tahun "&MID(VLOOKUP(F9,'Data Induk Pegawai'!B:AE,12,FALSE),5,4)) | S9: =IF(G9="","",VLOOKUP(F9,'Data Induk Pegawai'!B:AE,11,FALSE)) | U9: =IF(Y9="","",IF(Z9<1,AA9&" Bulan",IF(AND(Z9>0,AA9=0),Z9&" Tahun",Z9&" Tahun "&AA9&" Bulan"))) | W9: =V9&H9 | Y9: =IFERROR(IF(S9="","",DATEDIF(S9,M9,"M")),"?") | Z9: =IFERROR(IF(Y9="","",ROUNDDOWN(Y9/12,0)),"-") | AA9: =IFERROR(IF(Y9="","",Y9-Z9*12),"-") | AB9: =COUNTIFS(AC9:AC$596,AC9)&AC9 -> 588 | AC9: =IF(LEFT(V9,16)="SK Pemberhentian","OUT"&F9,IF(RIGHT(G9,2)="TT","GPTT",IF(RIGHT(G9,2)="TY","GPTY",G9))&F9) | AD9: =COUNTIFS(AC$2:AC9,AC9)&AC9 -> 8 | AE9: =IF(LEFT(V9,16)="SK Pemberhentian",E9&"OUT"&F9,E9&G9&F9) | AF9: =G9&"."&D9&"."&I9 -> .. | AG9: =L9 | AH9: =M9 | AI9: =IF(AG9="","",AJ9&" "&VLOOKUP(AK9,AX:AY,2,FALSE)&" "&AL9) | AJ9: =TEXT(AG9,"D") | AK9: =TEXT(AG9,"MMMM") | AL9: =TEXT(AG9,"YYYY") | AM9: =IF(AI9="","",AN9&" "&VLOOKUP(AO9,AX:AY,2,FALSE)&" "&AP9) | AN9: =TEXT(S9,"D") | AO9: =TEXT(S9,"MMMM") | AP9: =TEXT(S9,"YYYY") | AQ9: =IF(AM9="","",AR9&" "&VLOOKUP(AS9,AX:AY,2,FALSE)&" "&AT9) | AR9: =TEXT(M9,"D") | AS9: =TEXT(M9,"MMMM") | AT9: =TEXT(M9,"YYYY") | AU9: =IF(OR(G9="Umum",G9=""),"",VLOOKUP(VALUE(TEXT(M9,"M")-1),AW:AY,3,FALSE)) | AW9: 8 | AX9: August | AY9: Agustus | BA9: ='REGISTER SK'!F12 -> 0
A10: 9 | C10: =IF(G10="","",IF(G10="Umum",G10,VLOOKUP(F10,'Data Induk Pegawai'!B:AE,4,FALSE))) | D10: =IF('REGISTER SK'!A13="","",IF('REGISTER SK'!B13=0,D9,'REGISTER SK'!B13)) | E10: =IF(D10="","",D10&"/"&D10+1) | H10: =IF(F10="","",VLOOKUP(F10,'Data Induk Pegawai'!B:U,2,FALSE)) | I10: =IF('REGISTER SK'!C13="","",'REGISTER SK'!C13) | L10: =IF('REGISTER SK'!D13="","",'REGISTER SK'!D13) | M10: =IF('REGISTER SK'!E13="","",'REGISTER SK'!E13) | N10: =IF(G10="","",IF(OR(G10="GTT",G10="PTT"),"--",VLOOKUP(F10,'Data Induk Pegawai'!B:AE,4,FALSE))) | P10: =IF(G10="","",VLOOKUP(F10,'Data Induk Pegawai'!B:AE,7,FALSE)) | R10: =IF(G10="","","Nomor "&RIGHT(VLOOKUP(F10,'Data Induk Pegawai'!B:AE,12,FALSE),2)&" Tahun "&MID(VLOOKUP(F10,'Data Induk Pegawai'!B:AE,12,FALSE),5,4)) | S10: =IF(G10="","",VLOOKUP(F10,'Data Induk Pegawai'!B:AE,11,FALSE)) | U10: =IF(Y10="","",IF(Z10<1,AA10&" Bulan",IF(AND(Z10>0,AA10=0),Z10&" Tahun",Z10&" Tahun "&AA10&" Bulan"))) | W10: =V10&H10 | Y10: =IFERROR(IF(S10="","",DATEDIF(S10,M10,"M")),"?") | Z10: =IFERROR(IF(Y10="","",ROUNDDOWN(Y10/12,0)),"-") | AA10: =IFERROR(IF(Y10="","",Y10-Z10*12),"-") | AB10: =COUNTIFS(AC10:AC$596,AC10)&AC10 -> 587 | AC10: =IF(LEFT(V10,16)="SK Pemberhentian","OUT"&F10,IF(RIGHT(G10,2)="TT","GPTT",IF(RIGHT(G10,2)="TY","GPTY",G10))&F10) | AD10: =COUNTIFS(AC$2:AC10,AC10)&AC10 -> 9 | AE10: =IF(LEFT(V10,16)="SK Pemberhentian",E10&"OUT"&F10,E10&G10&F10) | AF10: =G10&"."&D10&"."&I10 -> .. | AG10: =L10 | AH10: =M10 | AI10: =IF(AG10="","",AJ10&" "&VLOOKUP(AK10,AX:AY,2,FALSE)&" "&AL10) | AJ10: =TEXT(AG10,"D") | AK10: =TEXT(AG10,"MMMM") | AL10: =TEXT(AG10,"YYYY") | AM10: =IF(AI10="","",AN10&" "&VLOOKUP(AO10,AX:AY,2,FALSE)&" "&AP10) | AN10: =TEXT(S10,"D") | AO10: =TEXT(S10,"MMMM") | AP10: =TEXT(S10,"YYYY") | AQ10: =IF(AM10="","",AR10&" "&VLOOKUP(AS10,AX:AY,2,FALSE)&" "&AT10) | AR10: =TEXT(M10,"D") | AS10: =TEXT(M10,"MMMM") | AT10: =TEXT(M10,"YYYY") | AU10: =IF(OR(G10="Umum",G10=""),"",VLOOKUP(VALUE(TEXT(M10,"M")-1),AW:AY,3,FALSE)) | AW10: 9 | AX10: September | AY10: September | BA10: ='REGISTER SK'!F13 -> 0
A11: 10 | B11: ok | C11: =IF(G11="","",IF(G11="Umum",G11,VLOOKUP(F11,'Data Induk Pegawai'!B:AE,4,FALSE))) | D11: =IF('REGISTER SK'!A14="","",IF('REGISTER SK'!B14=0,D10,'REGISTER SK'!B14)) | E11: =IF(D11="","",D11&"/"&D11+1) | H11: =IF(F11="","",VLOOKUP(F11,'Data Induk Pegawai'!B:U,2,FALSE)) | I11: =IF('REGISTER SK'!C14="","",'REGISTER SK'!C14) | L11: =IF('REGISTER SK'!D14="","",'REGISTER SK'!D14) | M11: =IF('REGISTER SK'!E14="","",'REGISTER SK'!E14) | N11: =IF(G11="","",IF(OR(G11="GTT",G11="PTT"),"--",VLOOKUP(F11,'Data Induk Pegawai'!B:AE,4,FALSE))) | O11: Pemalang, 17 Mei 1979 | P11: =IF(G11="","",VLOOKUP(F11,'Data Induk Pegawai'!B:AE,7,FALSE)) | R11: =IF(G11="","","Nomor "&RIGHT(VLOOKUP(F11,'Data Induk Pegawai'!B:AE,12,FALSE),2)&" Tahun "&MID(VLOOKUP(F11,'Data Induk Pegawai'!B:AE,12,FALSE),5,4)) | S11: =IF(G11="","",VLOOKUP(F11,'Data Induk Pegawai'!B:AE,11,FALSE)) | U11: =IF(Y11="","",IF(Z11<1,AA11&" Bulan",IF(AND(Z11>0,AA11=0),Z11&" Tahun",Z11&" Tahun "&AA11&" Bulan"))) | W11: =V11&H11 | Y11: =IFERROR(IF(S11="","",DATEDIF(S11,M11,"M")),"?") | Z11: =IFERROR(IF(Y11="","",ROUNDDOWN(Y11/12,0)),"-") | AA11: =IFERROR(IF(Y11="","",Y11-Z11*12),"-") | AB11: =COUNTIFS(AC11:AC$596,AC11)&AC11 -> 586 | AC11: =IF(LEFT(V11,16)="SK Pemberhentian","OUT"&F11,IF(RIGHT(G11,2)="TT","GPTT",IF(RIGHT(G11,2)="TY","GPTY",G11))&F11) | AD11: =COUNTIFS(AC$2:AC11,AC11)&AC11 -> 10 | AE11: =IF(LEFT(V11,16)="SK Pemberhentian",E11&"OUT"&F11,E11&G11&F11) | AF11: =G11&"."&D11&"."&I11 -> .. | AG11: =L11 | AH11: =M11 | AI11: =IF(AG11="","",AJ11&" "&VLOOKUP(AK11,AX:AY,2,FALSE)&" "&AL11) | AJ11: =TEXT(AG11,"D") | AK11: =TEXT(AG11,"MMMM") | AL11: =TEXT(AG11,"YYYY") | AM11: =IF(AI11="","",AN11&" "&VLOOKUP(AO11,AX:AY,2,FALSE)&" "&AP11) | AN11: =TEXT(S11,"D") | AO11: =TEXT(S11,"MMMM") | AP11: =TEXT(S11,"YYYY") | AQ11: =IF(AM11="","",AR11&" "&VLOOKUP(AS11,AX:AY,2,FALSE)&" "&AT11) | AR11: =TEXT(M11,"D") | AS11: =TEXT(M11,"MMMM") | AT11: =TEXT(M11,"YYYY") | AU11: =IF(OR(G11="Umum",G11=""),"",VLOOKUP(VALUE(TEXT(M11,"M")-1),AW:AY,3,FALSE)) | AW11: 10 | AX11: October | AY11: Oktober | BA11: ='REGISTER SK'!F14 -> 0
A12: 11 | B12: ok | C12: =IF(G12="","",IF(G12="Umum",G12,VLOOKUP(F12,'Data Induk Pegawai'!B:AE,4,FALSE))) | D12: =IF('REGISTER SK'!A15="","",IF('REGISTER SK'!B15=0,D11,'REGISTER SK'!B15)) | E12: =IF(D12="","",D12&"/"&D12+1) | H12: =IF(F12="","",VLOOKUP(F12,'Data Induk Pegawai'!B:U,2,FALSE)) | I12: =IF('REGISTER SK'!C15="","",'REGISTER SK'!C15) | L12: =IF('REGISTER SK'!D15="","",'REGISTER SK'!D15) | M12: =IF('REGISTER SK'!E15="","",'REGISTER SK'!E15) | N12: =IF(G12="","",IF(OR(G12="GTT",G12="PTT"),"--",VLOOKUP(F12,'Data Induk Pegawai'!B:AE,4,FALSE))) | O12: Pemalang, 20 Februari 1981 | P12: =IF(G12="","",VLOOKUP(F12,'Data Induk Pegawai'!B:AE,7,FALSE)) | R12: =IF(G12="","","Nomor "&RIGHT(VLOOKUP(F12,'Data Induk Pegawai'!B:AE,12,FALSE),2)&" Tahun "&MID(VLOOKUP(F12,'Data Induk Pegawai'!B:AE,12,FALSE),5,4)) | S12: =IF(G12="","",VLOOKUP(F12,'Data Induk Pegawai'!B:AE,11,FALSE)) | U12: =IF(Y12="","",IF(Z12<1,AA12&" Bulan",IF(AND(Z12>0,AA12=0),Z12&" Tahun",Z12&" Tahun "&AA12&" Bulan"))) | W12: =V12&H12 | Y12: =IFERROR(IF(S12="","",DATEDIF(S12,M12,"M")),"?") | Z12: =IFERROR(IF(Y12="","",ROUNDDOWN(Y12/12,0)),"-") | AA12: =IFERROR(IF(Y12="","",Y12-Z12*12),"-") | AB12: =COUNTIFS(AC12:AC$596,AC12)&AC12 -> 585 | AC12: =IF(LEFT(V12,16)="SK Pemberhentian","OUT"&F12,IF(RIGHT(G12,2)="TT","GPTT",IF(RIGHT(G12,2)="TY","GPTY",G12))&F12) | AD12: =COUNTIFS(AC$2:AC12,AC12)&AC12 -> 11 | AE12: =IF(LEFT(V12,16)="SK Pemberhentian",E12&"OUT"&F12,E12&G12&F12) | AF12: =G12&"."&D12&"."&I12 -> .. | AG12: =L12 | AH12: =M12 | AI12: =IF(AG12="","",AJ12&" "&VLOOKUP(AK12,AX:AY,2,FALSE)&" "&AL12) | AJ12: =TEXT(AG12,"D") | AK12: =TEXT(AG12,"MMMM") | AL12: =TEXT(AG12,"YYYY") | AM12: =IF(AI12="","",AN12&" "&VLOOKUP(AO12,AX:AY,2,FALSE)&" "&AP12) | AN12: =TEXT(S12,"D") | AO12: =TEXT(S12,"MMMM") | AP12: =TEXT(S12,"YYYY") | AQ12: =IF(AM12="","",AR12&" "&VLOOKUP(AS12,AX:AY,2,FALSE)&" "&AT12) | AR12: =TEXT(M12,"D") | AS12: =TEXT(M12,"MMMM") | AT12: =TEXT(M12,"YYYY") | AU12: =IF(OR(G12="Umum",G12=""),"",VLOOKUP(VALUE(TEXT(M12,"M")-1),AW:AY,3,FALSE)) | AW12: 11 | AX12: November | AY12: November | BA12: ='REGISTER SK'!F15 -> 0
A13: 12 | B13: ok | C13: =IF(G13="","",IF(G13="Umum",G13,VLOOKUP(F13,'Data Induk Pegawai'!B:AE,4,FALSE))) | D13: =IF('REGISTER SK'!A16="","",IF('REGISTER SK'!B16=0,D12,'REGISTER SK'!B16)) | E13: =IF(D13="","",D13&"/"&D13+1) | H13: =IF(F13="","",VLOOKUP(F13,'Data Induk Pegawai'!B:U,2,FALSE)) | I13: =IF('REGISTER SK'!C16="","",'REGISTER SK'!C16) | L13: =IF('REGISTER SK'!D16="","",'REGISTER SK'!D16) | M13: =IF('REGISTER SK'!E16="","",'REGISTER SK'!E16) | N13: =IF(G13="","",IF(OR(G13="GTT",G13="PTT"),"--",VLOOKUP(F13,'Data Induk Pegawai'!B:AE,4,FALSE))) | O13: Pemalang, 27 Februari 1990 | P13: =IF(G13="","",VLOOKUP(F13,'Data Induk Pegawai'!B:AE,7,FALSE)) | R13: =IF(G13="","","Nomor "&RIGHT(VLOOKUP(F13,'Data Induk Pegawai'!B:AE,12,FALSE),2)&" Tahun "&MID(VLOOKUP(F13,'Data Induk Pegawai'!B:AE,12,FALSE),5,4)) | S13: =IF(G13="","",VLOOKUP(F13,'Data Induk Pegawai'!B:AE,11,FALSE)) | U13: =IF(Y13="","",IF(Z13<1,AA13&" Bulan",IF(AND(Z13>0,AA13=0),Z13&" Tahun",Z13&" Tahun "&AA13&" Bulan"))) | W13: =V13&H13 | Y13: =IFERROR(IF(S13="","",DATEDIF(S13,M13,"M")),"?") | Z13: =IFERROR(IF(Y13="","",ROUNDDOWN(Y13/12,0)),"-") | AA13: =IFERROR(IF(Y13="","",Y13-Z13*12),"-") | AB13: =COUNTIFS(AC13:AC$596,AC13)&AC13 -> 584 | AC13: =IF(LEFT(V13,16)="SK Pemberhentian","OUT"&F13,IF(RIGHT(G13,2)="TT","GPTT",IF(RIGHT(G13,2)="TY","GPTY",G13))&F13) | AD13: =COUNTIFS(AC$2:AC13,AC13)&AC13 -> 12 | AE13: =IF(LEFT(V13,16)="SK Pemberhentian",E13&"OUT"&F13,E13&G13&F13) | AF13: =G13&"."&D13&"."&I13 -> .. | AG13: =L13 | AH13: =M13 | AI13: =IF(AG13="","",AJ13&" "&VLOOKUP(AK13,AX:AY,2,FALSE)&" "&AL13) | AJ13: =TEXT(AG13,"D") | AK13: =TEXT(AG13,"MMMM") | AL13: =TEXT(AG13,"YYYY") | AM13: =IF(AI13="","",AN13&" "&VLOOKUP(AO13,AX:AY,2,FALSE)&" "&AP13) | AN13: =TEXT(S13,"D") | AO13: =TEXT(S13,"MMMM") | AP13: =TEXT(S13,"YYYY") | AQ13: =IF(AM13="","",AR13&" "&VLOOKUP(AS13,AX:AY,2,FALSE)&" "&AT13) | AR13: =TEXT(M13,"D") | AS13: =TEXT(M13,"MMMM") | AT13: =TEXT(M13,"YYYY") | AU13: =IF(OR(G13="Umum",G13=""),"",VLOOKUP(VALUE(TEXT(M13,"M")-1),AW:AY,3,FALSE)) | AW13: 0 | AX13: December | AY13: Desember | BA13: ='REGISTER SK'!F16 -> 0
A14: 13 | B14: ok | C14: =IF(G14="","",IF(G14="Umum",G14,VLOOKUP(F14,'Data Induk Pegawai'!B:AE,4,FALSE))) | D14: =IF('REGISTER SK'!A17="","",IF('REGISTER SK'!B17=0,D13,'REGISTER SK'!B17)) | E14: =IF(D14="","",D14&"/"&D14+1) | H14: =IF(F14="","",VLOOKUP(F14,'Data Induk Pegawai'!B:U,2,FALSE)) | I14: =IF('REGISTER SK'!C17="","",'REGISTER SK'!C17) | L14: =IF('REGISTER SK'!D17="","",'REGISTER SK'!D17) | M14: =IF('REGISTER SK'!E17="","",'REGISTER SK'!E17) | N14: =IF(G14="","",IF(OR(G14="GTT",G14="PTT"),"--",VLOOKUP(F14,'Data Induk Pegawai'!B:AE,4,FALSE))) | O14: Pemalang, 24 April 1996 | P14: =IF(G14="","",VLOOKUP(F14,'Data Induk Pegawai'!B:AE,7,FALSE)) | R14: =IF(G14="","","Nomor "&RIGHT(VLOOKUP(F14,'Data Induk Pegawai'!B:AE,12,FALSE),2)&" Tahun "&MID(VLOOKUP(F14,'Data Induk Pegawai'!B:AE,12,FALSE),5,4)) | S14: =IF(G14="","",VLOOKUP(F14,'Data Induk Pegawai'!B:AE,11,FALSE)) | U14: =IF(Y14="","",IF(Z14<1,AA14&" Bulan",IF(AND(Z14>0,AA14=0),Z14&" Tahun",Z14&" Tahun "&AA14&" Bulan"))) | W14: =V14&H14 | Y14: =IFERROR(IF(S14="","",DATEDIF(S14,M14,"M")),"?") | Z14: =IFERROR(IF(Y14="","",ROUNDDOWN(Y14/12,0)),"-") | AA14: =IFERROR(IF(Y14="","",Y14-Z14*12),"-") | AB14: =COUNTIFS(AC14:AC$596,AC14)&AC14 -> 583 | AC14: =IF(LEFT(V14,16)="SK Pemberhentian","OUT"&F14,IF(RIGHT(G14,2)="TT","GPTT",IF(RIGHT(G14,2)="TY","GPTY",G14))&F14) | AD14: =COUNTIFS(AC$2:AC14,AC14)&AC14 -> 13 | AE14: =IF(LEFT(V14,16)="SK Pemberhentian",E14&"OUT"&F14,E14&G14&F14) | AF14: =G14&"."&D14&"."&I14 -> .. | AG14: =L14 | AH14: =M14 | AI14: =IF(AG14="","",AJ14&" "&VLOOKUP(AK14,AX:AY,2,FALSE)&" "&AL14) | AJ14: =TEXT(AG14,"D") | AK14: =TEXT(AG14,"MMMM") | AL14: =TEXT(AG14,"YYYY") | AM14: =IF(AI14="","",AN14&" "&VLOOKUP(AO14,AX:AY,2,FALSE)&" "&AP14) | AN14: =TEXT(S14,"D") | AO14: =TEXT(S14,"MMMM") | AP14: =TEXT(S14,"YYYY") | AQ14: =IF(AM14="","",AR14&" "&VLOOKUP(AS14,AX:AY,2,FALSE)&" "&AT14) | AR14: =TEXT(M14,"D") | AS14: =TEXT(M14,"MMMM") | AT14: =TEXT(M14,"YYYY") | AU14: =IF(OR(G14="Umum",G14=""),"",VLOOKUP(VALUE(TEXT(M14,"M")-1),AW:AY,3,FALSE)) | AW14: 1 | AX14: Januari | AY14: Januari | BA14: ='REGISTER SK'!F17 -> 0
A15: 14 | B15: ok | C15: =IF(G15="","",IF(G15="Umum",G15,VLOOKUP(F15,'Data Induk Pegawai'!B:AE,4,FALSE))) | D15: =IF('REGISTER SK'!A18="","",IF('REGISTER SK'!B18=0,D14,'REGISTER SK'!B18)) | E15: =IF(D15="","",D15&"/"&D15+1) | H15: =IF(F15="","",VLOOKUP(F15,'Data Induk Pegawai'!B:U,2,FALSE)) | I15: =IF('REGISTER SK'!C18="","",'REGISTER SK'!C18) | L15: =IF('REGISTER SK'!D18="","",'REGISTER SK'!D18) | M15: =IF('REGISTER SK'!E18="","",'REGISTER SK'!E18) | N15: =IF(G15="","",IF(OR(G15="GTT",G15="PTT"),"--",VLOOKUP(F15,'Data Induk Pegawai'!B:AE,4,FALSE))) | O15: Pemalang, 15 Agustus 1996 | P15: =IF(G15="","",VLOOKUP(F15,'Data Induk Pegawai'!B:AE,7,FALSE)) | R15: =IF(G15="","","Nomor "&RIGHT(VLOOKUP(F15,'Data Induk Pegawai'!B:AE,12,FALSE),2)&" Tahun "&MID(VLOOKUP(F15,'Data Induk Pegawai'!B:AE,12,FALSE),5,4)) | S15: =IF(G15="","",VLOOKUP(F15,'Data Induk Pegawai'!B:AE,11,FALSE)) | U15: =IF(Y15="","",IF(Z15<1,AA15&" Bulan",IF(AND(Z15>0,AA15=0),Z15&" Tahun",Z15&" Tahun "&AA15&" Bulan"))) | W15: =V15&H15 | Y15: =IFERROR(IF(S15="","",DATEDIF(S15,M15,"M")),"?") | Z15: =IFERROR(IF(Y15="","",ROUNDDOWN(Y15/12,0)),"-") | AA15: =IFERROR(IF(Y15="","",Y15-Z15*12),"-") | AB15: =COUNTIFS(AC15:AC$596,AC15)&AC15 -> 582 | AC15: =IF(LEFT(V15,16)="SK Pemberhentian","OUT"&F15,IF(RIGHT(G15,2)="TT","GPTT",IF(RIGHT(G15,2)="TY","GPTY",G15))&F15) | AD15: =COUNTIFS(AC$2:AC15,AC15)&AC15 -> 14 | AE15: =IF(LEFT(V15,16)="SK Pemberhentian",E15&"OUT"&F15,E15&G15&F15) | AF15: =G15&"."&D15&"."&I15 -> .. | AG15: =L15 | AH15: =M15 | AI15: =IF(AG15="","",AJ15&" "&VLOOKUP(AK15,AX:AY,2,FALSE)&" "&AL15) | AJ15: =TEXT(AG15,"D") | AK15: =TEXT(AG15,"MMMM") | AL15: =TEXT(AG15,"YYYY") | AM15: =IF(AI15="","",AN15&" "&VLOOKUP(AO15,AX:AY,2,FALSE)&" "&AP15) | AN15: =TEXT(S15,"D") | AO15: =TEXT(S15,"MMMM") | AP15: =TEXT(S15,"YYYY") | AQ15: =IF(AM15="","",AR15&" "&VLOOKUP(AS15,AX:AY,2,FALSE)&" "&AT15) | AR15: =TEXT(M15,"D") | AS15: =TEXT(M15,"MMMM") | AT15: =TEXT(M15,"YYYY") | AU15: =IF(OR(G15="Umum",G15=""),"",VLOOKUP(VALUE(TEXT(M15,"M")-1),AW:AY,3,FALSE)) | AW15: 2 | AX15: Februari | AY15: Februari | BA15: ='REGISTER SK'!F18 -> 0
A16: 15 | B16: ok | C16: =IF(G16="","",IF(G16="Umum",G16,VLOOKUP(F16,'Data Induk Pegawai'!B:AE,4,FALSE))) | D16: =IF('REGISTER SK'!A19="","",IF('REGISTER SK'!B19=0,D15,'REGISTER SK'!B19)) | E16: =IF(D16="","",D16&"/"&D16+1) | H16: =IF(F16="","",VLOOKUP(F16,'Data Induk Pegawai'!B:U,2,FALSE)) | I16: =IF('REGISTER SK'!C19="","",'REGISTER SK'!C19) | L16: =IF('REGISTER SK'!D19="","",'REGISTER SK'!D19) | M16: =IF('REGISTER SK'!E19="","",'REGISTER SK'!E19) | N16: =IF(G16="","",IF(OR(G16="GTT",G16="PTT"),"--",VLOOKUP(F16,'Data Induk Pegawai'!B:AE,4,FALSE))) | O16: Pemalang, 25 Desember 1986 | P16: =IF(G16="","",VLOOKUP(F16,'Data Induk Pegawai'!B:AE,7,FALSE)) | R16: =IF(G16="","","Nomor "&RIGHT(VLOOKUP(F16,'Data Induk Pegawai'!B:AE,12,FALSE),2)&" Tahun "&MID(VLOOKUP(F16,'Data Induk Pegawai'!B:AE,12,FALSE),5,4)) | S16: =IF(G16="","",VLOOKUP(F16,'Data Induk Pegawai'!B:AE,11,FALSE)) | U16: =IF(Y16="","",IF(Z16<1,AA16&" Bulan",IF(AND(Z16>0,AA16=0),Z16&" Tahun",Z16&" Tahun "&AA16&" Bulan"))) | W16: =V16&H16 | Y16: =IFERROR(IF(S16="","",DATEDIF(S16,M16,"M")),"?") | Z16: =IFERROR(IF(Y16="","",ROUNDDOWN(Y16/12,0)),"-") | AA16: =IFERROR(IF(Y16="","",Y16-Z16*12),"-") | AB16: =COUNTIFS(AC16:AC$596,AC16)&AC16 -> 581 | AC16: =IF(LEFT(V16,16)="SK Pemberhentian","OUT"&F16,IF(RIGHT(G16,2)="TT","GPTT",IF(RIGHT(G16,2)="TY","GPTY",G16))&F16) | AD16: =COUNTIFS(AC$2:AC16,AC16)&AC16 -> 15 | AE16: =IF(LEFT(V16,16)="SK Pemberhentian",E16&"OUT"&F16,E16&G16&F16) | AF16: =G16&"."&D16&"."&I16 -> .. | AG16: =L16 | AH16: =M16 | AI16: =IF(AG16="","",AJ16&" "&VLOOKUP(AK16,AX:AY,2,FALSE)&" "&AL16) | AJ16: =TEXT(AG16,"D") | AK16: =TEXT(AG16,"MMMM") | AL16: =TEXT(AG16,"YYYY") | AM16: =IF(AI16="","",AN16&" "&VLOOKUP(AO16,AX:AY,2,FALSE)&" "&AP16) | AN16: =TEXT(S16,"D") | AO16: =TEXT(S16,"MMMM") | AP16: =TEXT(S16,"YYYY") | AQ16: =IF(AM16="","",AR16&" "&VLOOKUP(AS16,AX:AY,2,FALSE)&" "&AT16) | AR16: =TEXT(M16,"D") | AS16: =TEXT(M16,"MMMM") | AT16: =TEXT(M16,"YYYY") | AU16: =IF(OR(G16="Umum",G16=""),"",VLOOKUP(VALUE(TEXT(M16,"M")-1),AW:AY,3,FALSE)) | AW16: 3 | AX16: Maret | AY16: Maret | BA16: ='REGISTER SK'!F19 -> 0
A17: 16 | B17: ok | C17: =IF(G17="","",IF(G17="Umum",G17,VLOOKUP(F17,'Data Induk Pegawai'!B:AE,4,FALSE))) | D17: =IF('REGISTER SK'!A20="","",IF('REGISTER SK'!B20=0,D16,'REGISTER SK'!B20)) | E17: =IF(D17="","",D17&"/"&D17+1) | H17: =IF(F17="","",VLOOKUP(F17,'Data Induk Pegawai'!B:U,2,FALSE)) | I17: =IF('REGISTER SK'!C20="","",'REGISTER SK'!C20) | L17: =IF('REGISTER SK'!D20="","",'REGISTER SK'!D20) | M17: =IF('REGISTER SK'!E20="","",'REGISTER SK'!E20) | N17: =IF(G17="","",IF(OR(G17="GTT",G17="PTT"),"--",VLOOKUP(F17,'Data Induk Pegawai'!B:AE,4,FALSE))) | O17: Pemalang, 17 Mei 1992 | P17: =IF(G17="","",VLOOKUP(F17,'Data Induk Pegawai'!B:AE,7,FALSE)) | R17: =IF(G17="","","Nomor "&RIGHT(VLOOKUP(F17,'Data Induk Pegawai'!B:AE,12,FALSE),2)&" Tahun "&MID(VLOOKUP(F17,'Data Induk Pegawai'!B:AE,12,FALSE),5,4)) | S17: =IF(G17="","",VLOOKUP(F17,'Data Induk Pegawai'!B:AE,11,FALSE)) | U17: =IF(Y17="","",IF(Z17<1,AA17&" Bulan",IF(AND(Z17>0,AA17=0),Z17&" Tahun",Z17&" Tahun "&AA17&" Bulan"))) | W17: =V17&H17 | Y17: =IFERROR(IF(S17="","",DATEDIF(S17,M17,"M")),"?") | Z17: =IFERROR(IF(Y17="","",ROUNDDOWN(Y17/12,0)),"-") | AA17: =IFERROR(IF(Y17="","",Y17-Z17*12),"-") | AB17: =COUNTIFS(AC17:AC$596,AC17)&AC17 -> 580 | AC17: =IF(LEFT(V17,16)="SK Pemberhentian","OUT"&F17,IF(RIGHT(G17,2)="TT","GPTT",IF(RIGHT(G17,2)="TY","GPTY",G17))&F17) | AD17: =COUNTIFS(AC$2:AC17,AC17)&AC17 -> 16 | AE17: =IF(LEFT(V17,16)="SK Pemberhentian",E17&"OUT"&F17,E17&G17&F17) | AF17: =G17&"."&D17&"."&I17 -> .. | AG17: =L17 | AH17: =M17 | AI17: =IF(AG17="","",AJ17&" "&VLOOKUP(AK17,AX:AY,2,FALSE)&" "&AL17) | AJ17: =TEXT(AG17,"D") | AK17: =TEXT(AG17,"MMMM") | AL17: =TEXT(AG17,"YYYY") | AM17: =IF(AI17="","",AN17&" "&VLOOKUP(AO17,AX:AY,2,FALSE)&" "&AP17) | AN17: =TEXT(S17,"D") | AO17: =TEXT(S17,"MMMM") | AP17: =TEXT(S17,"YYYY") | AQ17: =IF(AM17="","",AR17&" "&VLOOKUP(AS17,AX:AY,2,FALSE)&" "&AT17) | AR17: =TEXT(M17,"D") | AS17: =TEXT(M17,"MMMM") | AT17: =TEXT(M17,"YYYY") | AU17: =IF(OR(G17="Umum",G17=""),"",VLOOKUP(VALUE(TEXT(M17,"M")-1),AW:AY,3,FALSE)) | AW17: 4 | AX17: April | AY17: April | BA17: ='REGISTER SK'!F20 -> 0
A18: 17 | B18: ok | C18: =IF(G18="","",IF(G18="Umum",G18,VLOOKUP(F18,'Data Induk Pegawai'!B:AE,4,FALSE))) | D18: =IF('REGISTER SK'!A21="","",IF('REGISTER SK'!B21=0,D17,'REGISTER SK'!B21)) | E18: =IF(D18="","",D18&"/"&D18+1) | H18: =IF(F18="","",VLOOKUP(F18,'Data Induk Pegawai'!B:U,2,FALSE)) | I18: =IF('REGISTER SK'!C21="","",'REGISTER SK'!C21) | L18: =IF('REGISTER SK'!D21="","",'REGISTER SK'!D21) | M18: =IF('REGISTER SK'!E21="","",'REGISTER SK'!E21) | N18: =IF(G18="","",IF(OR(G18="GTT",G18="PTT"),"--",VLOOKUP(F18,'Data Induk Pegawai'!B:AE,4,FALSE))) | O18: Pemalang, 16 Februari 1997 | P18: =IF(G18="","",VLOOKUP(F18,'Data Induk Pegawai'!B:AE,7,FALSE)) | R18: =IF(G18="","","Nomor "&RIGHT(VLOOKUP(F18,'Data Induk Pegawai'!B:AE,12,FALSE),2)&" Tahun "&MID(VLOOKUP(F18,'Data Induk Pegawai'!B:AE,12,FALSE),5,4)) | S18: =IF(G18="","",VLOOKUP(F18,'Data Induk Pegawai'!B:AE,11,FALSE)) | U18: =IF(Y18="","",IF(Z18<1,AA18&" Bulan",IF(AND(Z18>0,AA18=0),Z18&" Tahun",Z18&" Tahun "&AA18&" Bulan"))) | W18: =V18&H18 | Y18: =IFERROR(IF(S18="","",DATEDIF(S18,M18,"M")),"?") | Z18: =IFERROR(IF(Y18="","",ROUNDDOWN(Y18/12,0)),"-") | AA18: =IFERROR(IF(Y18="","",Y18-Z18*12),"-") | AB18: =COUNTIFS(AC18:AC$596,AC18)&AC18 -> 579 | AC18: =IF(LEFT(V18,16)="SK Pemberhentian","OUT"&F18,IF(RIGHT(G18,2)="TT","GPTT",IF(RIGHT(G18,2)="TY","GPTY",G18))&F18) | AD18: =COUNTIFS(AC$2:AC18,AC18)&AC18 -> 17 | AE18: =IF(LEFT(V18,16)="SK Pemberhentian",E18&"OUT"&F18,E18&G18&F18) | AF18: =G18&"."&D18&"."&I18 -> .. | AG18: =L18 | AH18: =M18 | AI18: =IF(AG18="","",AJ18&" "&VLOOKUP(AK18,AX:AY,2,FALSE)&" "&AL18) | AJ18: =TEXT(AG18,"D") | AK18: =TEXT(AG18,"MMMM") | AL18: =TEXT(AG18,"YYYY") | AM18: =IF(AI18="","",AN18&" "&VLOOKUP(AO18,AX:AY,2,FALSE)&" "&AP18) | AN18: =TEXT(S18,"D") | AO18: =TEXT(S18,"MMMM") | AP18: =TEXT(S18,"YYYY") | AQ18: =IF(AM18="","",AR18&" "&VLOOKUP(AS18,AX:AY,2,FALSE)&" "&AT18) | AR18: =TEXT(M18,"D") | AS18: =TEXT(M18,"MMMM") | AT18: =TEXT(M18,"YYYY") | AU18: =IF(OR(G18="Umum",G18=""),"",VLOOKUP(VALUE(TEXT(M18,"M")-1),AW:AY,3,FALSE)) | AW18: 5 | AX18: Mei | AY18: Mei | BA18: ='REGISTER SK'!F21 -> 0
A19: 18 | B19: ok | C19: =IF(G19="","",IF(G19="Umum",G19,VLOOKUP(F19,'Data Induk Pegawai'!B:AE,4,FALSE))) | D19: =IF('REGISTER SK'!A22="","",IF('REGISTER SK'!B22=0,D18,'REGISTER SK'!B22)) | E19: =IF(D19="","",D19&"/"&D19+1) | H19: =IF(F19="","",VLOOKUP(F19,'Data Induk Pegawai'!B:U,2,FALSE)) | I19: =IF('REGISTER SK'!C22="","",'REGISTER SK'!C22) | L19: =IF('REGISTER SK'!D22="","",'REGISTER SK'!D22) | M19: =IF('REGISTER SK'!E22="","",'REGISTER SK'!E22) | N19: =IF(G19="","",IF(OR(G19="GTT",G19="PTT"),"--",VLOOKUP(F19,'Data Induk Pegawai'!B:AE,4,FALSE))) | O19: Pemalang, 7 Mei 1967 | P19: =IF(G19="","",VLOOKUP(F19,'Data Induk Pegawai'!B:AE,7,FALSE)) | R19: =IF(G19="","","Nomor "&RIGHT(VLOOKUP(F19,'Data Induk Pegawai'!B:AE,12,FALSE),2)&" Tahun "&MID(VLOOKUP(F19,'Data Induk Pegawai'!B:AE,12,FALSE),5,4)) | S19: =IF(G19="","",VLOOKUP(F19,'Data Induk Pegawai'!B:AE,11,FALSE)) | U19: =IF(Y19="","",IF(Z19<1,AA19&" Bulan",IF(AND(Z19>0,AA19=0),Z19&" Tahun",Z19&" Tahun "&AA19&" Bulan"))) | W19: =V19&H19 | Y19: =IFERROR(IF(S19="","",DATEDIF(S19,M19,"M")),"?") | Z19: =IFERROR(IF(Y19="","",ROUNDDOWN(Y19/12,0)),"-") | AA19: =IFERROR(IF(Y19="","",Y19-Z19*12),"-") | AB19: =COUNTIFS(AC19:AC$596,AC19)&AC19 -> 578 | AC19: =IF(LEFT(V19,16)="SK Pemberhentian","OUT"&F19,IF(RIGHT(G19,2)="TT","GPTT",IF(RIGHT(G19,2)="TY","GPTY",G19))&F19) | AD19: =COUNTIFS(AC$2:AC19,AC19)&AC19 -> 18 | AE19: =IF(LEFT(V19,16)="SK Pemberhentian",E19&"OUT"&F19,E19&G19&F19) | AF19: =G19&"."&D19&"."&I19 -> .. | AG19: =L19 | AH19: =M19 | AI19: =IF(AG19="","",AJ19&" "&VLOOKUP(AK19,AX:AY,2,FALSE)&" "&AL19) | AJ19: =TEXT(AG19,"D") | AK19: =TEXT(AG19,"MMMM") | AL19: =TEXT(AG19,"YYYY") | AM19: =IF(AI19="","",AN19&" "&VLOOKUP(AO19,AX:AY,2,FALSE)&" "&AP19) | AN19: =TEXT(S19,"D") | AO19: =TEXT(S19,"MMMM") | AP19: =TEXT(S19,"YYYY") | AQ19: =IF(AM19="","",AR19&" "&VLOOKUP(AS19,AX:AY,2,FALSE)&" "&AT19) | AR19: =TEXT(M19,"D") | AS19: =TEXT(M19,"MMMM") | AT19: =TEXT(M19,"YYYY") | AU19: =IF(OR(G19="Umum",G19=""),"",VLOOKUP(VALUE(TEXT(M19,"M")-1),AW:AY,3,FALSE)) | AW19: 6 | AX19: Juni | AY19: Juni | BA19: ='REGISTER SK'!F22 -> 0
A20: 19 | B20: ok | C20: =IF(G20="","",IF(G20="Umum",G20,VLOOKUP(F20,'Data Induk Pegawai'!B:AE,4,FALSE))) | D20: =IF('REGISTER SK'!A23="","",IF('REGISTER SK'!B23=0,D19,'REGISTER SK'!B23)) | E20: =IF(D20="","",D20&"/"&D20+1) | H20: =IF(F20="","",VLOOKUP(F20,'Data Induk Pegawai'!B:U,2,FALSE)) | I20: =IF('REGISTER SK'!C23="","",'REGISTER SK'!C23) | L20: =IF('REGISTER SK'!D23="","",'REGISTER SK'!D23) | M20: =IF('REGISTER SK'!E23="","",'REGISTER SK'!E23) | N20: =IF(G20="","",IF(OR(G20="GTT",G20="PTT"),"--",VLOOKUP(F20,'Data Induk Pegawai'!B:AE,4,FALSE))) | O20: #N/A | P20: =IF(G20="","",VLOOKUP(F20,'Data Induk Pegawai'!B:AE,7,FALSE)) | R20: =IF(G20="","","Nomor "&RIGHT(VLOOKUP(F20,'Data Induk Pegawai'!B:AE,12,FALSE),2)&" Tahun "&MID(VLOOKUP(F20,'Data Induk Pegawai'!B:AE,12,FALSE),5,4)) | S20: =IF(G20="","",VLOOKUP(F20,'Data Induk Pegawai'!B:AE,11,FALSE)) | U20: =IF(Y20="","",IF(Z20<1,AA20&" Bulan",IF(AND(Z20>0,AA20=0),Z20&" Tahun",Z20&" Tahun "&AA20&" Bulan"))) | W20: =V20&H20 | Y20: =IFERROR(IF(S20="","",DATEDIF(S20,M20,"M")),"?") | Z20: =IFERROR(IF(Y20="","",ROUNDDOWN(Y20/12,0)),"-") | AA20: =IFERROR(IF(Y20="","",Y20-Z20*12),"-") | AB20: =COUNTIFS(AC20:AC$596,AC20)&AC20 -> 577 | AC20: =IF(LEFT(V20,16)="SK Pemberhentian","OUT"&F20,IF(RIGHT(G20,2)="TT","GPTT",IF(RIGHT(G20,2)="TY","GPTY",G20))&F20) | AD20: =COUNTIFS(AC$2:AC20,AC20)&AC20 -> 19 | AE20: =IF(LEFT(V20,16)="SK Pemberhentian",E20&"OUT"&F20,E20&G20&F20) | AF20: =G20&"."&D20&"."&I20 -> .. | AG20: =L20 | AH20: =M20 | AI20: =IF(AG20="","",AJ20&" "&VLOOKUP(AK20,AX:AY,2,FALSE)&" "&AL20) | AJ20: =TEXT(AG20,"D") | AK20: =TEXT(AG20,"MMMM") | AL20: =TEXT(AG20,"YYYY") | AM20: =IF(AI20="","",AN20&" "&VLOOKUP(AO20,AX:AY,2,FALSE)&" "&AP20) | AN20: =TEXT(S20,"D") | AO20: =TEXT(S20,"MMMM") | AP20: =TEXT(S20,"YYYY") | AQ20: =IF(AM20="","",AR20&" "&VLOOKUP(AS20,AX:AY,2,FALSE)&" "&AT20) | AR20: =TEXT(M20,"D") | AS20: =TEXT(M20,"MMMM") | AT20: =TEXT(M20,"YYYY") | AU20: =IF(OR(G20="Umum",G20=""),"",VLOOKUP(VALUE(TEXT(M20,"M")-1),AW:AY,3,FALSE)) | AW20: 7 | AX20: Juli | AY20: Juli | BA20: ='REGISTER SK'!F23 -> 0
A21: 20 | C21: =IF(G21="","",IF(G21="Umum",G21,VLOOKUP(F21,'Data Induk Pegawai'!B:AE,4,FALSE))) | D21: =IF('REGISTER SK'!A24="","",IF('REGISTER SK'!B24=0,D20,'REGISTER SK'!B24)) | E21: =IF(D21="","",D21&"/"&D21+1) | H21: =IF(F21="","",VLOOKUP(F21,'Data Induk Pegawai'!B:U,2,FALSE)) | I21: =IF('REGISTER SK'!C24="","",'REGISTER SK'!C24) | L21: =IF('REGISTER SK'!D24="","",'REGISTER SK'!D24) | M21: =IF('REGISTER SK'!E24="","",'REGISTER SK'!E24) | N21: =IF(G21="","",IF(OR(G21="GTT",G21="PTT"),"--",VLOOKUP(F21,'Data Induk Pegawai'!B:AE,4,FALSE))) | P21: =IF(G21="","",VLOOKUP(F21,'Data Induk Pegawai'!B:AE,7,FALSE)) | R21: =IF(G21="","","Nomor "&RIGHT(VLOOKUP(F21,'Data Induk Pegawai'!B:AE,12,FALSE),2)&" Tahun "&MID(VLOOKUP(F21,'Data Induk Pegawai'!B:AE,12,FALSE),5,4)) | S21: =IF(G21="","",VLOOKUP(F21,'Data Induk Pegawai'!B:AE,11,FALSE)) | U21: =IF(Y21="","",IF(Z21<1,AA21&" Bulan",IF(AND(Z21>0,AA21=0),Z21&" Tahun",Z21&" Tahun "&AA21&" Bulan"))) | W21: =V21&H21 | Y21: =IFERROR(IF(S21="","",DATEDIF(S21,M21,"M")),"?") | Z21: =IFERROR(IF(Y21="","",ROUNDDOWN(Y21/12,0)),"-") | AA21: =IFERROR(IF(Y21="","",Y21-Z21*12),"-") | AB21: =COUNTIFS(AC21:AC$596,AC21)&AC21 -> 576 | AC21: =IF(LEFT(V21,16)="SK Pemberhentian","OUT"&F21,IF(RIGHT(G21,2)="TT","GPTT",IF(RIGHT(G21,2)="TY","GPTY",G21))&F21) | AD21: =COUNTIFS(AC$2:AC21,AC21)&AC21 -> 20 | AE21: =IF(LEFT(V21,16)="SK Pemberhentian",E21&"OUT"&F21,E21&G21&F21) | AF21: =G21&"."&D21&"."&I21 -> .. | AG21: =L21 | AH21: =M21 | AI21: =IF(AG21="","",AJ21&" "&VLOOKUP(AK21,AX:AY,2,FALSE)&" "&AL21) | AJ21: =TEXT(AG21,"D") | AK21: =TEXT(AG21,"MMMM") | AL21: =TEXT(AG21,"YYYY") | AM21: =IF(AI21="","",AN21&" "&VLOOKUP(AO21,AX:AY,2,FALSE)&" "&AP21) | AN21: =TEXT(S21,"D") | AO21: =TEXT(S21,"MMMM") | AP21: =TEXT(S21,"YYYY") | AQ21: =IF(AM21="","",AR21&" "&VLOOKUP(AS21,AX:AY,2,FALSE)&" "&AT21) | AR21: =TEXT(M21,"D") | AS21: =TEXT(M21,"MMMM") | AT21: =TEXT(M21,"YYYY") | AU21: =IF(OR(G21="Umum",G21=""),"",VLOOKUP(VALUE(TEXT(M21,"M")-1),AW:AY,3,FALSE)) | AW21: 8 | AX21: Agustus | AY21: Agustus | BA21: ='REGISTER SK'!F24 -> 0
A22: 21 | B22: ok | C22: =IF(G22="","",IF(G22="Umum",G22,VLOOKUP(F22,'Data Induk Pegawai'!B:AE,4,FALSE))) | D22: =IF('REGISTER SK'!A25="","",IF('REGISTER SK'!B25=0,D21,'REGISTER SK'!B25)) | E22: =IF(D22="","",D22&"/"&D22+1) | H22: =IF(F22="","",VLOOKUP(F22,'Data Induk Pegawai'!B:U,2,FALSE)) | I22: =IF('REGISTER SK'!C25="","",'REGISTER SK'!C25) | L22: =IF('REGISTER SK'!D25="","",'REGISTER SK'!D25) | M22: =IF('REGISTER SK'!E25="","",'REGISTER SK'!E25) | N22: =IF(G22="","",IF(OR(G22="GTT",G22="PTT"),"--",VLOOKUP(F22,'Data Induk Pegawai'!B:AE,4,FALSE))) | O22: Majalengka, 11 Mei 1994 | P22: =IF(G22="","",VLOOKUP(F22,'Data Induk Pegawai'!B:AE,7,FALSE)) | R22: =IF(G22="","","Nomor "&RIGHT(VLOOKUP(F22,'Data Induk Pegawai'!B:AE,12,FALSE),2)&" Tahun "&MID(VLOOKUP(F22,'Data Induk Pegawai'!B:AE,12,FALSE),5,4)) | S22: =IF(G22="","",VLOOKUP(F22,'Data Induk Pegawai'!B:AE,11,FALSE)) | U22: =IF(Y22="","",IF(Z22<1,AA22&" Bulan",IF(AND(Z22>0,AA22=0),Z22&" Tahun",Z22&" Tahun "&AA22&" Bulan"))) | W22: =V22&H22 | Y22: =IFERROR(IF(S22="","",DATEDIF(S22,M22,"M")),"?") | Z22: =IFERROR(IF(Y22="","",ROUNDDOWN(Y22/12,0)),"-") | AA22: =IFERROR(IF(Y22="","",Y22-Z22*12),"-") | AB22: =COUNTIFS(AC22:AC$596,AC22)&AC22 -> 575 | AC22: =IF(LEFT(V22,16)="SK Pemberhentian","OUT"&F22,IF(RIGHT(G22,2)="TT","GPTT",IF(RIGHT(G22,2)="TY","GPTY",G22))&F22) | AD22: =COUNTIFS(AC$2:AC22,AC22)&AC22 -> 21 | AE22: =IF(LEFT(V22,16)="SK Pemberhentian",E22&"OUT"&F22,E22&G22&F22) | AF22: =G22&"."&D22&"."&I22 -> .. | AG22: =L22 | AH22: =M22 | AI22: =IF(AG22="","",AJ22&" "&VLOOKUP(AK22,AX:AY,2,FALSE)&" "&AL22) | AJ22: =TEXT(AG22,"D") | AK22: =TEXT(AG22,"MMMM") | AL22: =TEXT(AG22,"YYYY") | AM22: =IF(AI22="","",AN22&" "&VLOOKUP(AO22,AX:AY,2,FALSE)&" "&AP22) | AN22: =TEXT(S22,"D") | AO22: =TEXT(S22,"MMMM") | AP22: =TEXT(S22,"YYYY") | AQ22: =IF(AM22="","",AR22&" "&VLOOKUP(AS22,AX:AY,2,FALSE)&" "&AT22) | AR22: =TEXT(M22,"D") | AS22: =TEXT(M22,"MMMM") | AT22: =TEXT(M22,"YYYY") | AU22: =IF(OR(G22="Umum",G22=""),"",VLOOKUP(VALUE(TEXT(M22,"M")-1),AW:AY,3,FALSE)) | AW22: 9 | AX22: September | AY22: September | BA22: ='REGISTER SK'!F25 -> 0
A23: 22 | B23: ok | C23: =IF(G23="","",IF(G23="Umum",G23,VLOOKUP(F23,'Data Induk Pegawai'!B:AE,4,FALSE))) | D23: =IF('REGISTER SK'!A26="","",IF('REGISTER SK'!B26=0,D22,'REGISTER SK'!B26)) | E23: =IF(D23="","",D23&"/"&D23+1) | H23: =IF(F23="","",VLOOKUP(F23,'Data Induk Pegawai'!B:U,2,FALSE)) | I23: =IF('REGISTER SK'!C26="","",'REGISTER SK'!C26) | L23: =IF('REGISTER SK'!D26="","",'REGISTER SK'!D26) | M23: =IF('REGISTER SK'!E26="","",'REGISTER SK'!E26) | N23: =IF(G23="","",IF(OR(G23="GTT",G23="PTT"),"--",VLOOKUP(F23,'Data Induk Pegawai'!B:AE,4,FALSE))) | O23: Pemalang, 29 April 1992 | P23: =IF(G23="","",VLOOKUP(F23,'Data Induk Pegawai'!B:AE,7,FALSE)) | R23: =IF(G23="","","Nomor "&RIGHT(VLOOKUP(F23,'Data Induk Pegawai'!B:AE,12,FALSE),2)&" Tahun "&MID(VLOOKUP(F23,'Data Induk Pegawai'!B:AE,12,FALSE),5,4)) | S23: =IF(G23="","",VLOOKUP(F23,'Data Induk Pegawai'!B:AE,11,FALSE)) | U23: =IF(Y23="","",IF(Z23<1,AA23&" Bulan",IF(AND(Z23>0,AA23=0),Z23&" Tahun",Z23&" Tahun "&AA23&" Bulan"))) | W23: =V23&H23 | Y23: =IFERROR(IF(S23="","",DATEDIF(S23,M23,"M")),"?") | Z23: =IFERROR(IF(Y23="","",ROUNDDOWN(Y23/12,0)),"-") | AA23: =IFERROR(IF(Y23="","",Y23-Z23*12),"-") | AB23: =COUNTIFS(AC23:AC$596,AC23)&AC23 -> 574 | AC23: =IF(LEFT(V23,16)="SK Pemberhentian","OUT"&F23,IF(RIGHT(G23,2)="TT","GPTT",IF(RIGHT(G23,2)="TY","GPTY",G23))&F23) | AD23: =COUNTIFS(AC$2:AC23,AC23)&AC23 -> 22 | AE23: =IF(LEFT(V23,16)="SK Pemberhentian",E23&"OUT"&F23,E23&G23&F23) | AF23: =G23&"."&D23&"."&I23 -> .. | AG23: =L23 | AH23: =M23 | AI23: =IF(AG23="","",AJ23&" "&VLOOKUP(AK23,AX:AY,2,FALSE)&" "&AL23) | AJ23: =TEXT(AG23,"D") | AK23: =TEXT(AG23,"MMMM") | AL23: =TEXT(AG23,"YYYY") | AM23: =IF(AI23="","",AN23&" "&VLOOKUP(AO23,AX:AY,2,FALSE)&" "&AP23) | AN23: =TEXT(S23,"D") | AO23: =TEXT(S23,"MMMM") | AP23: =TEXT(S23,"YYYY") | AQ23: =IF(AM23="","",AR23&" "&VLOOKUP(AS23,AX:AY,2,FALSE)&" "&AT23) | AR23: =TEXT(M23,"D") | AS23: =TEXT(M23,"MMMM") | AT23: =TEXT(M23,"YYYY") | AU23: =IF(OR(G23="Umum",G23=""),"",VLOOKUP(VALUE(TEXT(M23,"M")-1),AW:AY,3,FALSE)) | AW23: 10 | AX23: Oktober | AY23: Oktober | BA23: ='REGISTER SK'!F26 -> 0
A24: 23 | B24: ok | C24: =IF(G24="","",IF(G24="Umum",G24,VLOOKUP(F24,'Data Induk Pegawai'!B:AE,4,FALSE))) | D24: =IF('REGISTER SK'!A27="","",IF('REGISTER SK'!B27=0,D23,'REGISTER SK'!B27)) | E24: =IF(D24="","",D24&"/"&D24+1) | H24: =IF(F24="","",VLOOKUP(F24,'Data Induk Pegawai'!B:U,2,FALSE)) | I24: =IF('REGISTER SK'!C27="","",'REGISTER SK'!C27) | L24: =IF('REGISTER SK'!D27="","",'REGISTER SK'!D27) | M24: =IF('REGISTER SK'!E27="","",'REGISTER SK'!E27) | N24: =IF(G24="","",IF(OR(G24="GTT",G24="PTT"),"--",VLOOKUP(F24,'Data Induk Pegawai'!B:AE,4,FALSE))) | O24: Pemalang, 17 Mei 1992 | P24: =IF(G24="","",VLOOKUP(F24,'Data Induk Pegawai'!B:AE,7,FALSE)) | R24: =IF(G24="","","Nomor "&RIGHT(VLOOKUP(F24,'Data Induk Pegawai'!B:AE,12,FALSE),2)&" Tahun "&MID(VLOOKUP(F24,'Data Induk Pegawai'!B:AE,12,FALSE),5,4)) | S24: =IF(G24="","",VLOOKUP(F24,'Data Induk Pegawai'!B:AE,11,FALSE)) | U24: =IF(Y24="","",IF(Z24<1,AA24&" Bulan",IF(AND(Z24>0,AA24=0),Z24&" Tahun",Z24&" Tahun "&AA24&" Bulan"))) | W24: =V24&H24 | Y24: =IFERROR(IF(S24="","",DATEDIF(S24,M24,"M")),"?") | Z24: =IFERROR(IF(Y24="","",ROUNDDOWN(Y24/12,0)),"-") | AA24: =IFERROR(IF(Y24="","",Y24-Z24*12),"-") | AB24: =COUNTIFS(AC24:AC$596,AC24)&AC24 -> 573 | AC24: =IF(LEFT(V24,16)="SK Pemberhentian","OUT"&F24,IF(RIGHT(G24,2)="TT","GPTT",IF(RIGHT(G24,2)="TY","GPTY",G24))&F24) | AD24: =COUNTIFS(AC$2:AC24,AC24)&AC24 -> 23 | AE24: =IF(LEFT(V24,16)="SK Pemberhentian",E24&"OUT"&F24,E24&G24&F24) | AF24: =G24&"."&D24&"."&I24 -> .. | AG24: =L24 | AH24: =M24 | AI24: =IF(AG24="","",AJ24&" "&VLOOKUP(AK24,AX:AY,2,FALSE)&" "&AL24) | AJ24: =TEXT(AG24,"D") | AK24: =TEXT(AG24,"MMMM") | AL24: =TEXT(AG24,"YYYY") | AM24: =IF(AI24="","",AN24&" "&VLOOKUP(AO24,AX:AY,2,FALSE)&" "&AP24) | AN24: =TEXT(S24,"D") | AO24: =TEXT(S24,"MMMM") | AP24: =TEXT(S24,"YYYY") | AQ24: =IF(AM24="","",AR24&" "&VLOOKUP(AS24,AX:AY,2,FALSE)&" "&AT24) | AR24: =TEXT(M24,"D") | AS24: =TEXT(M24,"MMMM") | AT24: =TEXT(M24,"YYYY") | AU24: =IF(OR(G24="Umum",G24=""),"",VLOOKUP(VALUE(TEXT(M24,"M")-1),AW:AY,3,FALSE)) | AW24: 11 | AX24: November | AY24: November | BA24: ='REGISTER SK'!F27 -> 0
A25: 24 | B25: ok | C25: =IF(G25="","",IF(G25="Umum",G25,VLOOKUP(F25,'Data Induk Pegawai'!B:AE,4,FALSE))) | D25: =IF('REGISTER SK'!A28="","",IF('REGISTER SK'!B28=0,D24,'REGISTER SK'!B28)) | E25: =IF(D25="","",D25&"/"&D25+1) | H25: =IF(F25="","",VLOOKUP(F25,'Data Induk Pegawai'!B:U,2,FALSE)) | I25: =IF('REGISTER SK'!C28="","",'REGISTER SK'!C28) | L25: =IF('REGISTER SK'!D28="","",'REGISTER SK'!D28) | M25: =IF('REGISTER SK'!E28="","",'REGISTER SK'!E28) | N25: =IF(G25="","",IF(OR(G25="GTT",G25="PTT"),"--",VLOOKUP(F25,'Data Induk Pegawai'!B:AE,4,FALSE))) | O25: Pemalang, 16 Februari 1997 | P25: =IF(G25="","",VLOOKUP(F25,'Data Induk Pegawai'!B:AE,7,FALSE)) | R25: =IF(G25="","","Nomor "&RIGHT(VLOOKUP(F25,'Data Induk Pegawai'!B:AE,12,FALSE),2)&" Tahun "&MID(VLOOKUP(F25,'Data Induk Pegawai'!B:AE,12,FALSE),5,4)) | S25: =IF(G25="","",VLOOKUP(F25,'Data Induk Pegawai'!B:AE,11,FALSE)) | U25: =IF(Y25="","",IF(Z25<1,AA25&" Bulan",IF(AND(Z25>0,AA25=0),Z25&" Tahun",Z25&" Tahun "&AA25&" Bulan"))) | W25: =V25&H25 | Y25: =IFERROR(IF(S25="","",DATEDIF(S25,M25,"M")),"?") | Z25: =IFERROR(IF(Y25="","",ROUNDDOWN(Y25/12,0)),"-") | AA25: =IFERROR(IF(Y25="","",Y25-Z25*12),"-") | AB25: =COUNTIFS(AC25:AC$596,AC25)&AC25 -> 572 | AC25: =IF(LEFT(V25,16)="SK Pemberhentian","OUT"&F25,IF(RIGHT(G25,2)="TT","GPTT",IF(RIGHT(G25,2)="TY","GPTY",G25))&F25) | AD25: =COUNTIFS(AC$2:AC25,AC25)&AC25 -> 24 | AE25: =IF(LEFT(V25,16)="SK Pemberhentian",E25&"OUT"&F25,E25&G25&F25) | AF25: =G25&"."&D25&"."&I25 -> .. | AG25: =L25 | AH25: =M25 | AI25: =IF(AG25="","",AJ25&" "&VLOOKUP(AK25,AX:AY,2,FALSE)&" "&AL25) | AJ25: =TEXT(AG25,"D") | AK25: =TEXT(AG25,"MMMM") | AL25: =TEXT(AG25,"YYYY") | AM25: =IF(AI25="","",AN25&" "&VLOOKUP(AO25,AX:AY,2,FALSE)&" "&AP25) | AN25: =TEXT(S25,"D") | AO25: =TEXT(S25,"MMMM") | AP25: =TEXT(S25,"YYYY") | AQ25: =IF(AM25="","",AR25&" "&VLOOKUP(AS25,AX:AY,2,FALSE)&" "&AT25) | AR25: =TEXT(M25,"D") | AS25: =TEXT(M25,"MMMM") | AT25: =TEXT(M25,"YYYY") | AU25: =IF(OR(G25="Umum",G25=""),"",VLOOKUP(VALUE(TEXT(M25,"M")-1),AW:AY,3,FALSE)) | AW25: 0 | AX25: Desember | AY25: Desember | BA25: ='REGISTER SK'!F28 -> 0
A26: 25 | B26: ok | C26: =IF(G26="","",IF(G26="Umum",G26,VLOOKUP(F26,'Data Induk Pegawai'!B:AE,4,FALSE))) | D26: =IF('REGISTER SK'!A29="","",IF('REGISTER SK'!B29=0,D25,'REGISTER SK'!B29)) | E26: =IF(D26="","",D26&"/"&D26+1) | H26: =IF(F26="","",VLOOKUP(F26,'Data Induk Pegawai'!B:U,2,FALSE)) | I26: =IF('REGISTER SK'!C29="","",'REGISTER SK'!C29) | L26: =IF('REGISTER SK'!D29="","",'REGISTER SK'!D29) | M26: =IF('REGISTER SK'!E29="","",'REGISTER SK'!E29) | N26: =IF(G26="","",IF(OR(G26="GTT",G26="PTT"),"--",VLOOKUP(F26,'Data Induk Pegawai'!B:AE,4,FALSE))) | O26: Pemalang, 7 Mei 1967 | P26: =IF(G26="","",VLOOKUP(F26,'Data Induk Pegawai'!B:AE,7,FALSE)) | R26: =IF(G26="","","Nomor "&RIGHT(VLOOKUP(F26,'Data Induk Pegawai'!B:AE,12,FALSE),2)&" Tahun "&MID(VLOOKUP(F26,'Data Induk Pegawai'!B:AE,12,FALSE),5,4)) | S26: =IF(G26="","",VLOOKUP(F26,'Data Induk Pegawai'!B:AE,11,FALSE)) | U26: =IF(Y26="","",IF(Z26<1,AA26&" Bulan",IF(AND(Z26>0,AA26=0),Z26&" Tahun",Z26&" Tahun "&AA26&" Bulan"))) | W26: =V26&H26 | Y26: =IFERROR(IF(S26="","",DATEDIF(S26,M26,"M")),"?") | Z26: =IFERROR(IF(Y26="","",ROUNDDOWN(Y26/12,0)),"-") | AA26: =IFERROR(IF(Y26="","",Y26-Z26*12),"-") | AB26: =COUNTIFS(AC26:AC$596,AC26)&AC26 -> 571 | AC26: =IF(LEFT(V26,16)="SK Pemberhentian","OUT"&F26,IF(RIGHT(G26,2)="TT","GPTT",IF(RIGHT(G26,2)="TY","GPTY",G26))&F26) | AD26: =COUNTIFS(AC$2:AC26,AC26)&AC26 -> 25 | AE26: =IF(LEFT(V26,16)="SK Pemberhentian",E26&"OUT"&F26,E26&G26&F26) | AF26: =G26&"."&D26&"."&I26 -> .. | AG26: =L26 | AH26: =M26 | AI26: =IF(AG26="","",AJ26&" "&VLOOKUP(AK26,AX:AY,2,FALSE)&" "&AL26) | AJ26: =TEXT(AG26,"D") | AK26: =TEXT(AG26,"MMMM") | AL26: =TEXT(AG26,"YYYY") | AM26: =IF(AI26="","",AN26&" "&VLOOKUP(AO26,AX:AY,2,FALSE)&" "&AP26) | AN26: =TEXT(S26,"D") | AO26: =TEXT(S26,"MMMM") | AP26: =TEXT(S26,"YYYY") | AQ26: =IF(AM26="","",AR26&" "&VLOOKUP(AS26,AX:AY,2,FALSE)&" "&AT26) | AR26: =TEXT(M26,"D") | AS26: =TEXT(M26,"MMMM") | AT26: =TEXT(M26,"YYYY") | AU26: =IF(OR(G26="Umum",G26=""),"",VLOOKUP(VALUE(TEXT(M26,"M")-1),AW:AY,3,FALSE)) | BA26: ='REGISTER SK'!F29 -> 0
A27: 26 | B27: ok | C27: =IF(G27="","",IF(G27="Umum",G27,VLOOKUP(F27,'Data Induk Pegawai'!B:AE,4,FALSE))) | D27: =IF('REGISTER SK'!A30="","",IF('REGISTER SK'!B30=0,D26,'REGISTER SK'!B30)) | E27: =IF(D27="","",D27&"/"&D27+1) | H27: =IF(F27="","",VLOOKUP(F27,'Data Induk Pegawai'!B:U,2,FALSE)) | I27: =IF('REGISTER SK'!C30="","",'REGISTER SK'!C30) | L27: =IF('REGISTER SK'!D30="","",'REGISTER SK'!D30) | M27: =IF('REGISTER SK'!E30="","",'REGISTER SK'!E30) | N27: =IF(G27="","",IF(OR(G27="GTT",G27="PTT"),"--",VLOOKUP(F27,'Data Induk Pegawai'!B:AE,4,FALSE))) | O27: Tegal, 19 Juni 1984 | P27: =IF(G27="","",VLOOKUP(F27,'Data Induk Pegawai'!B:AE,7,FALSE)) | R27: =IF(G27="","","Nomor "&RIGHT(VLOOKUP(F27,'Data Induk Pegawai'!B:AE,12,FALSE),2)&" Tahun "&MID(VLOOKUP(F27,'Data Induk Pegawai'!B:AE,12,FALSE),5,4)) | S27: =IF(G27="","",VLOOKUP(F27,'Data Induk Pegawai'!B:AE,11,FALSE)) | U27: =IF(Y27="","",IF(Z27<1,AA27&" Bulan",IF(AND(Z27>0,AA27=0),Z27&" Tahun",Z27&" Tahun "&AA27&" Bulan"))) | W27: =V27&H27 | Y27: =IFERROR(IF(S27="","",DATEDIF(S27,M27,"M")),"?") | Z27: =IFERROR(IF(Y27="","",ROUNDDOWN(Y27/12,0)),"-") | AA27: =IFERROR(IF(Y27="","",Y27-Z27*12),"-") | AB27: =COUNTIFS(AC27:AC$596,AC27)&AC27 -> 570 | AC27: =IF(LEFT(V27,16)="SK Pemberhentian","OUT"&F27,IF(RIGHT(G27,2)="TT","GPTT",IF(RIGHT(G27,2)="TY","GPTY",G27))&F27) | AD27: =COUNTIFS(AC$2:AC27,AC27)&AC27 -> 26 | AE27: =IF(LEFT(V27,16)="SK Pemberhentian",E27&"OUT"&F27,E27&G27&F27) | AF27: =G27&"."&D27&"."&I27 -> .. | AG27: =L27 | AH27: =M27 | AI27: =IF(AG27="","",AJ27&" "&VLOOKUP(AK27,AX:AY,2,FALSE)&" "&AL27) | AJ27: =TEXT(AG27,"D") | AK27: =TEXT(AG27,"MMMM") | AL27: =TEXT(AG27,"YYYY") | AM27: =IF(AI27="","",AN27&" "&VLOOKUP(AO27,AX:AY,2,FALSE)&" "&AP27) | AN27: =TEXT(S27,"D") | AO27: =TEXT(S27,"MMMM") | AP27: =TEXT(S27,"YYYY") | AQ27: =IF(AM27="","",AR27&" "&VLOOKUP(AS27,AX:AY,2,FALSE)&" "&AT27) | AR27: =TEXT(M27,"D") | AS27: =TEXT(M27,"MMMM") | AT27: =TEXT(M27,"YYYY") | AU27: =IF(OR(G27="Umum",G27=""),"",VLOOKUP(VALUE(TEXT(M27,"M")-1),AW:AY,3,FALSE)) | BA27: ='REGISTER SK'!F30 -> 0
A28: 27 | B28: ok | C28: =IF(G28="","",IF(G28="Umum",G28,VLOOKUP(F28,'Data Induk Pegawai'!B:AE,4,FALSE))) | D28: =IF('REGISTER SK'!A31="","",IF('REGISTER SK'!B31=0,D27,'REGISTER SK'!B31)) | E28: =IF(D28="","",D28&"/"&D28+1) | H28: =IF(F28="","",VLOOKUP(F28,'Data Induk Pegawai'!B:U,2,FALSE)) | I28: =IF('REGISTER SK'!C31="","",'REGISTER SK'!C31) | L28: =IF('REGISTER SK'!D31="","",'REGISTER SK'!D31) | M28: =IF('REGISTER SK'!E31="","",'REGISTER SK'!E31) | N28: =IF(G28="","",IF(OR(G28="GTT",G28="PTT"),"--",VLOOKUP(F28,'Data Induk Pegawai'!B:AE,4,FALSE))) | O28: Pemalang, 30 September 1993 | P28: =IF(G28="","",VLOOKUP(F28,'Data Induk Pegawai'!B:AE,7,FALSE)) | R28: =IF(G28="","","Nomor "&RIGHT(VLOOKUP(F28,'Data Induk Pegawai'!B:AE,12,FALSE),2)&" Tahun "&MID(VLOOKUP(F28,'Data Induk Pegawai'!B:AE,12,FALSE),5,4)) | S28: =IF(G28="","",VLOOKUP(F28,'Data Induk Pegawai'!B:AE,11,FALSE)) | U28: =IF(Y28="","",IF(Z28<1,AA28&" Bulan",IF(AND(Z28>0,AA28=0),Z28&" Tahun",Z28&" Tahun "&AA28&" Bulan"))) | W28: =V28&H28 | Y28: =IFERROR(IF(S28="","",DATEDIF(S28,M28,"M")),"?") | Z28: =IFERROR(IF(Y28="","",ROUNDDOWN(Y28/12,0)),"-") | AA28: =IFERROR(IF(Y28="","",Y28-Z28*12),"-") | AB28: =COUNTIFS(AC28:AC$596,AC28)&AC28 -> 569 | AC28: =IF(LEFT(V28,16)="SK Pemberhentian","OUT"&F28,IF(RIGHT(G28,2)="TT","GPTT",IF(RIGHT(G28,2)="TY","GPTY",G28))&F28) | AD28: =COUNTIFS(AC$2:AC28,AC28)&AC28 -> 27 | AE28: =IF(LEFT(V28,16)="SK Pemberhentian",E28&"OUT"&F28,E28&G28&F28) | AF28: =G28&"."&D28&"."&I28 -> .. | AG28: =L28 | AH28: =M28 | AI28: =IF(AG28="","",AJ28&" "&VLOOKUP(AK28,AX:AY,2,FALSE)&" "&AL28) | AJ28: =TEXT(AG28,"D") | AK28: =TEXT(AG28,"MMMM") | AL28: =TEXT(AG28,"YYYY") | AM28: =IF(AI28="","",AN28&" "&VLOOKUP(AO28,AX:AY,2,FALSE)&" "&AP28) | AN28: =TEXT(S28,"D") | AO28: =TEXT(S28,"MMMM") | AP28: =TEXT(S28,"YYYY") | AQ28: =IF(AM28="","",AR28&" "&VLOOKUP(AS28,AX:AY,2,FALSE)&" "&AT28) | AR28: =TEXT(M28,"D") | AS28: =TEXT(M28,"MMMM") | AT28: =TEXT(M28,"YYYY") | AU28: =IF(OR(G28="Umum",G28=""),"",VLOOKUP(VALUE(TEXT(M28,"M")-1),AW:AY,3,FALSE)) | BA28: ='REGISTER SK'!F31 -> 0
A29: 28 | B29: ok | C29: =IF(G29="","",IF(G29="Umum",G29,VLOOKUP(F29,'Data Induk Pegawai'!B:AE,4,FALSE))) | D29: =IF('REGISTER SK'!A32="","",IF('REGISTER SK'!B32=0,D28,'REGISTER SK'!B32)) | E29: =IF(D29="","",D29&"/"&D29+1) | H29: =IF(F29="","",VLOOKUP(F29,'Data Induk Pegawai'!B:U,2,FALSE)) | I29: =IF('REGISTER SK'!C32="","",'REGISTER SK'!C32) | L29: =IF('REGISTER SK'!D32="","",'REGISTER SK'!D32) | M29: =IF('REGISTER SK'!E32="","",'REGISTER SK'!E32) | N29: =IF(G29="","",IF(OR(G29="GTT",G29="PTT"),"--",VLOOKUP(F29,'Data Induk Pegawai'!B:AE,4,FALSE))) | O29: Pemalang, 30 September 1993 | P29: =IF(G29="","",VLOOKUP(F29,'Data Induk Pegawai'!B:AE,7,FALSE)) | R29: =IF(G29="","","Nomor "&RIGHT(VLOOKUP(F29,'Data Induk Pegawai'!B:AE,12,FALSE),2)&" Tahun "&MID(VLOOKUP(F29,'Data Induk Pegawai'!B:AE,12,FALSE),5,4)) | S29: =IF(G29="","",VLOOKUP(F29,'Data Induk Pegawai'!B:AE,11,FALSE)) | U29: =IF(Y29="","",IF(Z29<1,AA29&" Bulan",IF(AND(Z29>0,AA29=0),Z29&" Tahun",Z29&" Tahun "&AA29&" Bulan"))) | W29: =V29&H29 | Y29: =IFERROR(IF(S29="","",DATEDIF(S29,M29,"M")),"?") | Z29: =IFERROR(IF(Y29="","",ROUNDDOWN(Y29/12,0)),"-") | AA29: =IFERROR(IF(Y29="","",Y29-Z29*12),"-") | AB29: =COUNTIFS(AC29:AC$596,AC29)&AC29 -> 568 | AC29: =IF(LEFT(V29,16)="SK Pemberhentian","OUT"&F29,IF(RIGHT(G29,2)="TT","GPTT",IF(RIGHT(G29,2)="TY","GPTY",G29))&F29) | AD29: =COUNTIFS(AC$2:AC29,AC29)&AC29 -> 28 | AE29: =IF(LEFT(V29,16)="SK Pemberhentian",E29&"OUT"&F29,E29&G29&F29) | AF29: =G29&"."&D29&"."&I29 -> .. | AG29: =L29 | AH29: =M29 | AI29: =IF(AG29="","",AJ29&" "&VLOOKUP(AK29,AX:AY,2,FALSE)&" "&AL29) | AJ29: =TEXT(AG29,"D") | AK29: =TEXT(AG29,"MMMM") | AL29: =TEXT(AG29,"YYYY") | AM29: =IF(AI29="","",AN29&" "&VLOOKUP(AO29,AX:AY,2,FALSE)&" "&AP29) | AN29: =TEXT(S29,"D") | AO29: =TEXT(S29,"MMMM") | AP29: =TEXT(S29,"YYYY") | AQ29: =IF(AM29="","",AR29&" "&VLOOKUP(AS29,AX:AY,2,FALSE)&" "&AT29) | AR29: =TEXT(M29,"D") | AS29: =TEXT(M29,"MMMM") | AT29: =TEXT(M29,"YYYY") | AU29: =IF(OR(G29="Umum",G29=""),"",VLOOKUP(VALUE(TEXT(M29,"M")-1),AW:AY,3,FALSE)) | BA29: ='REGISTER SK'!F32 -> 0
A30: 29 | B30: ok | C30: =IF(G30="","",IF(G30="Umum",G30,VLOOKUP(F30,'Data Induk Pegawai'!B:AE,4,FALSE))) | D30: =IF('REGISTER SK'!A33="","",IF('REGISTER SK'!B33=0,D29,'REGISTER SK'!B33)) | E30: =IF(D30="","",D30&"/"&D30+1) | H30: =IF(F30="","",VLOOKUP(F30,'Data Induk Pegawai'!B:U,2,FALSE)) | I30: =IF('REGISTER SK'!C33="","",'REGISTER SK'!C33) | L30: =IF('REGISTER SK'!D33="","",'REGISTER SK'!D33) | M30: =IF('REGISTER SK'!E33="","",'REGISTER SK'!E33) | N30: =IF(G30="","",IF(OR(G30="GTT",G30="PTT"),"--",VLOOKUP(F30,'Data Induk Pegawai'!B:AE,4,FALSE))) | O30: Pemalang, 10 November 1974 | P30: =IF(G30="","",VLOOKUP(F30,'Data Induk Pegawai'!B:AE,7,FALSE)) | R30: =IF(G30="","","Nomor "&RIGHT(VLOOKUP(F30,'Data Induk Pegawai'!B:AE,12,FALSE),2)&" Tahun "&MID(VLOOKUP(F30,'Data Induk Pegawai'!B:AE,12,FALSE),5,4)) | S30: =IF(G30="","",VLOOKUP(F30,'Data Induk Pegawai'!B:AE,11,FALSE)) | U30: =IF(Y30="","",IF(Z30<1,AA30&" Bulan",IF(AND(Z30>0,AA30=0),Z30&" Tahun",Z30&" Tahun "&AA30&" Bulan"))) | W30: =V30&H30 | Y30: =IFERROR(IF(S30="","",DATEDIF(S30,M30,"M")),"?") | Z30: =IFERROR(IF(Y30="","",ROUNDDOWN(Y30/12,0)),"-") | AA30: =IFERROR(IF(Y30="","",Y30-Z30*12),"-") | AB30: =COUNTIFS(AC30:AC$596,AC30)&AC30 -> 567 | AC30: =IF(LEFT(V30,16)="SK Pemberhentian","OUT"&F30,IF(RIGHT(G30,2)="TT","GPTT",IF(RIGHT(G30,2)="TY","GPTY",G30))&F30) | AD30: =COUNTIFS(AC$2:AC30,AC30)&AC30 -> 29 | AE30: =IF(LEFT(V30,16)="SK Pemberhentian",E30&"OUT"&F30,E30&G30&F30) | AF30: =G30&"."&D30&"."&I30 -> .. | AG30: =L30 | AH30: =M30 | AI30: =IF(AG30="","",AJ30&" "&VLOOKUP(AK30,AX:AY,2,FALSE)&" "&AL30) | AJ30: =TEXT(AG30,"D") | AK30: =TEXT(AG30,"MMMM") | AL30: =TEXT(AG30,"YYYY") | AM30: =IF(AI30="","",AN30&" "&VLOOKUP(AO30,AX:AY,2,FALSE)&" "&AP30) | AN30: =TEXT(S30,"D") | AO30: =TEXT(S30,"MMMM") | AP30: =TEXT(S30,"YYYY") | AQ30: =IF(AM30="","",AR30&" "&VLOOKUP(AS30,AX:AY,2,FALSE)&" "&AT30) | AR30: =TEXT(M30,"D") | AS30: =TEXT(M30,"MMMM") | AT30: =TEXT(M30,"YYYY") | AU30: =IF(OR(G30="Umum",G30=""),"",VLOOKUP(VALUE(TEXT(M30,"M")-1),AW:AY,3,FALSE)) | BA30: ='REGISTER SK'!F33 -> 0
A31: 30 | B31: ok | C31: =IF(G31="","",IF(G31="Umum",G31,VLOOKUP(F31,'Data Induk Pegawai'!B:AE,4,FALSE))) | D31: =IF('REGISTER SK'!A34="","",IF('REGISTER SK'!B34=0,D30,'REGISTER SK'!B34)) | E31: =IF(D31="","",D31&"/"&D31+1) | H31: =IF(F31="","",VLOOKUP(F31,'Data Induk Pegawai'!B:U,2,FALSE)) | I31: =IF('REGISTER SK'!C34="","",'REGISTER SK'!C34) | L31: =IF('REGISTER SK'!D34="","",'REGISTER SK'!D34) | M31: =IF('REGISTER SK'!E34="","",'REGISTER SK'!E34) | N31: =IF(G31="","",IF(OR(G31="GTT",G31="PTT"),"--",VLOOKUP(F31,'Data Induk Pegawai'!B:AE,4,FALSE))) | O31: Pemalang, 20 Februari 1981 | P31: =IF(G31="","",VLOOKUP(F31,'Data Induk Pegawai'!B:AE,7,FALSE)) | R31: =IF(G31="","","Nomor "&RIGHT(VLOOKUP(F31,'Data Induk Pegawai'!B:AE,12,FALSE),2)&" Tahun "&MID(VLOOKUP(F31,'Data Induk Pegawai'!B:AE,12,FALSE),5,4)) | S31: =IF(G31="","",VLOOKUP(F31,'Data Induk Pegawai'!B:AE,11,FALSE)) | U31: =IF(Y31="","",IF(Z31<1,AA31&" Bulan",IF(AND(Z31>0,AA31=0),Z31&" Tahun",Z31&" Tahun "&AA31&" Bulan"))) | W31: =V31&H31 | Y31: =IFERROR(IF(S31="","",DATEDIF(S31,M31,"M")),"?") | Z31: =IFERROR(IF(Y31="","",ROUNDDOWN(Y31/12,0)),"-") | AA31: =IFERROR(IF(Y31="","",Y31-Z31*12),"-") | AB31: =COUNTIFS(AC31:AC$596,AC31)&AC31 -> 566 | AC31: =IF(LEFT(V31,16)="SK Pemberhentian","OUT"&F31,IF(RIGHT(G31,2)="TT","GPTT",IF(RIGHT(G31,2)="TY","GPTY",G31))&F31) | AD31: =COUNTIFS(AC$2:AC31,AC31)&AC31 -> 30 | AE31: =IF(LEFT(V31,16)="SK Pemberhentian",E31&"OUT"&F31,E31&G31&F31) | AF31: =G31&"."&D31&"."&I31 -> .. | AG31: =L31 | AH31: =M31 | AI31: =IF(AG31="","",AJ31&" "&VLOOKUP(AK31,AX:AY,2,FALSE)&" "&AL31) | AJ31: =TEXT(AG31,"D") | AK31: =TEXT(AG31,"MMMM") | AL31: =TEXT(AG31,"YYYY") | AM31: =IF(AI31="","",AN31&" "&VLOOKUP(AO31,AX:AY,2,FALSE)&" "&AP31) | AN31: =TEXT(S31,"D") | AO31: =TEXT(S31,"MMMM") | AP31: =TEXT(S31,"YYYY") | AQ31: =IF(AM31="","",AR31&" "&VLOOKUP(AS31,AX:AY,2,FALSE)&" "&AT31) | AR31: =TEXT(M31,"D") | AS31: =TEXT(M31,"MMMM") | AT31: =TEXT(M31,"YYYY") | AU31: =IF(OR(G31="Umum",G31=""),"",VLOOKUP(VALUE(TEXT(M31,"M")-1),AW:AY,3,FALSE)) | BA31: ='REGISTER SK'!F34 -> 0
A32: 31 | C32: =IF(G32="","",IF(G32="Umum",G32,VLOOKUP(F32,'Data Induk Pegawai'!B:AE,4,FALSE))) | D32: =IF('REGISTER SK'!A35="","",IF('REGISTER SK'!B35=0,D31,'REGISTER SK'!B35)) | E32: =IF(D32="","",D32&"/"&D32+1) | H32: =IF(F32="","",VLOOKUP(F32,'Data Induk Pegawai'!B:U,2,FALSE)) | I32: =IF('REGISTER SK'!C35="","",'REGISTER SK'!C35) | L32: =IF('REGISTER SK'!D35="","",'REGISTER SK'!D35) | M32: =IF('REGISTER SK'!E35="","",'REGISTER SK'!E35) | N32: =IF(G32="","",IF(OR(G32="GTT",G32="PTT"),"--",VLOOKUP(F32,'Data Induk Pegawai'!B:AE,4,FALSE))) | P32: =IF(G32="","",VLOOKUP(F32,'Data Induk Pegawai'!B:AE,7,FALSE)) | R32: =IF(G32="","","Nomor "&RIGHT(VLOOKUP(F32,'Data Induk Pegawai'!B:AE,12,FALSE),2)&" Tahun "&MID(VLOOKUP(F32,'Data Induk Pegawai'!B:AE,12,FALSE),5,4)) | S32: =IF(G32="","",VLOOKUP(F32,'Data Induk Pegawai'!B:AE,11,FALSE)) | U32: =IF(Y32="","",IF(Z32<1,AA32&" Bulan",IF(AND(Z32>0,AA32=0),Z32&" Tahun",Z32&" Tahun "&AA32&" Bulan"))) | W32: =V32&H32 | Y32: =IFERROR(IF(S32="","",DATEDIF(S32,M32,"M")),"?") | Z32: =IFERROR(IF(Y32="","",ROUNDDOWN(Y32/12,0)),"-") | AA32: =IFERROR(IF(Y32="","",Y32-Z32*12),"-") | AB32: =COUNTIFS(AC32:AC$596,AC32)&AC32 -> 565 | AC32: =IF(LEFT(V32,16)="SK Pemberhentian","OUT"&F32,IF(RIGHT(G32,2)="TT","GPTT",IF(RIGHT(G32,2)="TY","GPTY",G32))&F32) | AD32: =COUNTIFS(AC$2:AC32,AC32)&AC32 -> 31 | AE32: =IF(LEFT(V32,16)="SK Pemberhentian",E32&"OUT"&F32,E32&G32&F32) | AF32: =G32&"."&D32&"."&I32 -> .. | AG32: =L32 | AH32: =M32 | AI32: =IF(AG32="","",AJ32&" "&VLOOKUP(AK32,AX:AY,2,FALSE)&" "&AL32) | AJ32: =TEXT(AG32,"D") | AK32: =TEXT(AG32,"MMMM") | AL32: =TEXT(AG32,"YYYY") | AM32: =IF(AI32="","",AN32&" "&VLOOKUP(AO32,AX:AY,2,FALSE)&" "&AP32) | AN32: =TEXT(S32,"D") | AO32: =TEXT(S32,"MMMM") | AP32: =TEXT(S32,"YYYY") | AQ32: =IF(AM32="","",AR32&" "&VLOOKUP(AS32,AX:AY,2,FALSE)&" "&AT32) | AR32: =TEXT(M32,"D") | AS32: =TEXT(M32,"MMMM") | AT32: =TEXT(M32,"YYYY") | AU32: =IF(OR(G32="Umum",G32=""),"",VLOOKUP(VALUE(TEXT(M32,"M")-1),AW:AY,3,FALSE)) | BA32: ='REGISTER SK'!F35 -> 0
A33: 32 | B33: ok | C33: =IF(G33="","",IF(G33="Umum",G33,VLOOKUP(F33,'Data Induk Pegawai'!B:AE,4,FALSE))) | D33: =IF('REGISTER SK'!A36="","",IF('REGISTER SK'!B36=0,D32,'REGISTER SK'!B36)) | E33: =IF(D33="","",D33&"/"&D33+1) | H33: =IF(F33="","",VLOOKUP(F33,'Data Induk Pegawai'!B:U,2,FALSE)) | I33: =IF('REGISTER SK'!C36="","",'REGISTER SK'!C36) | L33: =IF('REGISTER SK'!D36="","",'REGISTER SK'!D36) | M33: =IF('REGISTER SK'!E36="","",'REGISTER SK'!E36) | N33: =IF(G33="","",IF(OR(G33="GTT",G33="PTT"),"--",VLOOKUP(F33,'Data Induk Pegawai'!B:AE,4,FALSE))) | O33: Pemalang, 14 Agustus 1980 | P33: =IF(G33="","",VLOOKUP(F33,'Data Induk Pegawai'!B:AE,7,FALSE)) | R33: =IF(G33="","","Nomor "&RIGHT(VLOOKUP(F33,'Data Induk Pegawai'!B:AE,12,FALSE),2)&" Tahun "&MID(VLOOKUP(F33,'Data Induk Pegawai'!B:AE,12,FALSE),5,4)) | S33: =IF(G33="","",VLOOKUP(F33,'Data Induk Pegawai'!B:AE,11,FALSE)) | U33: =IF(Y33="","",IF(Z33<1,AA33&" Bulan",IF(AND(Z33>0,AA33=0),Z33&" Tahun",Z33&" Tahun "&AA33&" Bulan"))) | W33: =V33&H33 | Y33: =IFERROR(IF(S33="","",DATEDIF(S33,M33,"M")),"?") | Z33: =IFERROR(IF(Y33="","",ROUNDDOWN(Y33/12,0)),"-") | AA33: =IFERROR(IF(Y33="","",Y33-Z33*12),"-") | AB33: =COUNTIFS(AC33:AC$596,AC33)&AC33 -> 564 | AC33: =IF(LEFT(V33,16)="SK Pemberhentian","OUT"&F33,IF(RIGHT(G33,2)="TT","GPTT",IF(RIGHT(G33,2)="TY","GPTY",G33))&F33) | AD33: =COUNTIFS(AC$2:AC33,AC33)&AC33 -> 32 | AE33: =IF(LEFT(V33,16)="SK Pemberhentian",E33&"OUT"&F33,E33&G33&F33) | AF33: =G33&"."&D33&"."&I33 -> .. | AG33: =L33 | AH33: =M33 | AI33: =IF(AG33="","",AJ33&" "&VLOOKUP(AK33,AX:AY,2,FALSE)&" "&AL33) | AJ33: =TEXT(AG33,"D") | AK33: =TEXT(AG33,"MMMM") | AL33: =TEXT(AG33,"YYYY") | AM33: =IF(AI33="","",AN33&" "&VLOOKUP(AO33,AX:AY,2,FALSE)&" "&AP33) | AN33: =TEXT(S33,"D") | AO33: =TEXT(S33,"MMMM") | AP33: =TEXT(S33,"YYYY") | AQ33: =IF(AM33="","",AR33&" "&VLOOKUP(AS33,AX:AY,2,FALSE)&" "&AT33) | AR33: =TEXT(M33,"D") | AS33: =TEXT(M33,"MMMM") | AT33: =TEXT(M33,"YYYY") | AU33: =IF(OR(G33="Umum",G33=""),"",VLOOKUP(VALUE(TEXT(M33,"M")-1),AW:AY,3,FALSE)) | BA33: ='REGISTER SK'!F36 -> 0
A34: 33 | B34: ok | C34: =IF(G34="","",IF(G34="Umum",G34,VLOOKUP(F34,'Data Induk Pegawai'!B:AE,4,FALSE))) | D34: =IF('REGISTER SK'!A37="","",IF('REGISTER SK'!B37=0,D33,'REGISTER SK'!B37)) | E34: =IF(D34="","",D34&"/"&D34+1) | H34: =IF(F34="","",VLOOKUP(F34,'Data Induk Pegawai'!B:U,2,FALSE)) | I34: =IF('REGISTER SK'!C37="","",'REGISTER SK'!C37) | L34: =IF('REGISTER SK'!D37="","",'REGISTER SK'!D37) | M34: =IF('REGISTER SK'!E37="","",'REGISTER SK'!E37) | N34: =IF(G34="","",IF(OR(G34="GTT",G34="PTT"),"--",VLOOKUP(F34,'Data Induk Pegawai'!B:AE,4,FALSE))) | O34: #N/A | P34: =IF(G34="","",VLOOKUP(F34,'Data Induk Pegawai'!B:AE,7,FALSE)) | R34: =IF(G34="","","Nomor "&RIGHT(VLOOKUP(F34,'Data Induk Pegawai'!B:AE,12,FALSE),2)&" Tahun "&MID(VLOOKUP(F34,'Data Induk Pegawai'!B:AE,12,FALSE),5,4)) | S34: =IF(G34="","",VLOOKUP(F34,'Data Induk Pegawai'!B:AE,11,FALSE)) | U34: =IF(Y34="","",IF(Z34<1,AA34&" Bulan",IF(AND(Z34>0,AA34=0),Z34&" Tahun",Z34&" Tahun "&AA34&" Bulan"))) | W34: =V34&H34 | Y34: =IFERROR(IF(S34="","",DATEDIF(S34,M34,"M")),"?") | Z34: =IFERROR(IF(Y34="","",ROUNDDOWN(Y34/12,0)),"-") | AA34: =IFERROR(IF(Y34="","",Y34-Z34*12),"-") | AB34: =COUNTIFS(AC34:AC$596,AC34)&AC34 -> 563 | AC34: =IF(LEFT(V34,16)="SK Pemberhentian","OUT"&F34,IF(RIGHT(G34,2)="TT","GPTT",IF(RIGHT(G34,2)="TY","GPTY",G34))&F34) | AD34: =COUNTIFS(AC$2:AC34,AC34)&AC34 -> 33 | AE34: =IF(LEFT(V34,16)="SK Pemberhentian",E34&"OUT"&F34,E34&G34&F34) | AF34: =G34&"."&D34&"."&I34 -> .. | AG34: =L34 | AH34: =M34 | AI34: =IF(AG34="","",AJ34&" "&VLOOKUP(AK34,AX:AY,2,FALSE)&" "&AL34) | AJ34: =TEXT(AG34,"D") | AK34: =TEXT(AG34,"MMMM") | AL34: =TEXT(AG34,"YYYY") | AM34: =IF(AI34="","",AN34&" "&VLOOKUP(AO34,AX:AY,2,FALSE)&" "&AP34) | AN34: =TEXT(S34,"D") | AO34: =TEXT(S34,"MMMM") | AP34: =TEXT(S34,"YYYY") | AQ34: =IF(AM34="","",AR34&" "&VLOOKUP(AS34,AX:AY,2,FALSE)&" "&AT34) | AR34: =TEXT(M34,"D") | AS34: =TEXT(M34,"MMMM") | AT34: =TEXT(M34,"YYYY") | AU34: =IF(OR(G34="Umum",G34=""),"",VLOOKUP(VALUE(TEXT(M34,"M")-1),AW:AY,3,FALSE)) | BA34: ='REGISTER SK'!F37 -> 0
A35: 34 | B35: ok | C35: =IF(G35="","",IF(G35="Umum",G35,VLOOKUP(F35,'Data Induk Pegawai'!B:AE,4,FALSE))) | D35: =IF('REGISTER SK'!A38="","",IF('REGISTER SK'!B38=0,D34,'REGISTER SK'!B38)) | E35: =IF(D35="","",D35&"/"&D35+1) | H35: =IF(F35="","",VLOOKUP(F35,'Data Induk Pegawai'!B:U,2,FALSE)) | I35: =IF('REGISTER SK'!C38="","",'REGISTER SK'!C38) | L35: =IF('REGISTER SK'!D38="","",'REGISTER SK'!D38) | M35: =IF('REGISTER SK'!E38="","",'REGISTER SK'!E38) | N35: =IF(G35="","",IF(OR(G35="GTT",G35="PTT"),"--",VLOOKUP(F35,'Data Induk Pegawai'!B:AE,4,FALSE))) | O35: Majalengka, 11 Mei 1994 | P35: =IF(G35="","",VLOOKUP(F35,'Data Induk Pegawai'!B:AE,7,FALSE)) | R35: =IF(G35="","","Nomor "&RIGHT(VLOOKUP(F35,'Data Induk Pegawai'!B:AE,12,FALSE),2)&" Tahun "&MID(VLOOKUP(F35,'Data Induk Pegawai'!B:AE,12,FALSE),5,4)) | S35: =IF(G35="","",VLOOKUP(F35,'Data Induk Pegawai'!B:AE,11,FALSE)) | U35: =IF(Y35="","",IF(Z35<1,AA35&" Bulan",IF(AND(Z35>0,AA35=0),Z35&" Tahun",Z35&" Tahun "&AA35&" Bulan"))) | W35: =V35&H35 | Y35: =IFERROR(IF(S35="","",DATEDIF(S35,M35,"M")),"?") | Z35: =IFERROR(IF(Y35="","",ROUNDDOWN(Y35/12,0)),"-") | AA35: =IFERROR(IF(Y35="","",Y35-Z35*12),"-") | AB35: =COUNTIFS(AC35:AC$596,AC35)&AC35 -> 562 | AC35: =IF(LEFT(V35,16)="SK Pemberhentian","OUT"&F35,IF(RIGHT(G35,2)="TT","GPTT",IF(RIGHT(G35,2)="TY","GPTY",G35))&F35) | AD35: =COUNTIFS(AC$2:AC35,AC35)&AC35 -> 34 | AE35: =IF(LEFT(V35,16)="SK Pemberhentian",E35&"OUT"&F35,E35&G35&F35) | AF35: =G35&"."&D35&"."&I35 -> .. | AG35: =L35 | AH35: =M35 | AI35: =IF(AG35="","",AJ35&" "&VLOOKUP(AK35,AX:AY,2,FALSE)&" "&AL35) | AJ35: =TEXT(AG35,"D") | AK35: =TEXT(AG35,"MMMM") | AL35: =TEXT(AG35,"YYYY") | AM35: =IF(AI35="","",AN35&" "&VLOOKUP(AO35,AX:AY,2,FALSE)&" "&AP35) | AN35: =TEXT(S35,"D") | AO35: =TEXT(S35,"MMMM") | AP35: =TEXT(S35,"YYYY") | AQ35: =IF(AM35="","",AR35&" "&VLOOKUP(AS35,AX:AY,2,FALSE)&" "&AT35) | AR35: =TEXT(M35,"D") | AS35: =TEXT(M35,"MMMM") | AT35: =TEXT(M35,"YYYY") | AU35: =IF(OR(G35="Umum",G35=""),"",VLOOKUP(VALUE(TEXT(M35,"M")-1),AW:AY,3,FALSE)) | BA35: ='REGISTER SK'!F38 -> 0
A36: 35 | B36: ok | C36: =IF(G36="","",IF(G36="Umum",G36,VLOOKUP(F36,'Data Induk Pegawai'!B:AE,4,FALSE))) | D36: =IF('REGISTER SK'!A39="","",IF('REGISTER SK'!B39=0,D35,'REGISTER SK'!B39)) | E36: =IF(D36="","",D36&"/"&D36+1) | H36: =IF(F36="","",VLOOKUP(F36,'Data Induk Pegawai'!B:U,2,FALSE)) | I36: =IF('REGISTER SK'!C39="","",'REGISTER SK'!C39) | L36: =IF('REGISTER SK'!D39="","",'REGISTER SK'!D39) | M36: =IF('REGISTER SK'!E39="","",'REGISTER SK'!E39) | N36: =IF(G36="","",IF(OR(G36="GTT",G36="PTT"),"--",VLOOKUP(F36,'Data Induk Pegawai'!B:AE,4,FALSE))) | O36: Banyumas, 24 Maret 1984 | P36: =IF(G36="","",VLOOKUP(F36,'Data Induk Pegawai'!B:AE,7,FALSE)) | R36: =IF(G36="","","Nomor "&RIGHT(VLOOKUP(F36,'Data Induk Pegawai'!B:AE,12,FALSE),2)&" Tahun "&MID(VLOOKUP(F36,'Data Induk Pegawai'!B:AE,12,FALSE),5,4)) | S36: =IF(G36="","",VLOOKUP(F36,'Data Induk Pegawai'!B:AE,11,FALSE)) | U36: =IF(Y36="","",IF(Z36<1,AA36&" Bulan",IF(AND(Z36>0,AA36=0),Z36&" Tahun",Z36&" Tahun "&AA36&" Bulan"))) | W36: =V36&H36 | Y36: =IFERROR(IF(S36="","",DATEDIF(S36,M36,"M")),"?") | Z36: =IFERROR(IF(Y36="","",ROUNDDOWN(Y36/12,0)),"-") | AA36: =IFERROR(IF(Y36="","",Y36-Z36*12),"-") | AB36: =COUNTIFS(AC36:AC$596,AC36)&AC36 -> 561 | AC36: =IF(LEFT(V36,16)="SK Pemberhentian","OUT"&F36,IF(RIGHT(G36,2)="TT","GPTT",IF(RIGHT(G36,2)="TY","GPTY",G36))&F36) | AD36: =COUNTIFS(AC$2:AC36,AC36)&AC36 -> 35 | AE36: =IF(LEFT(V36,16)="SK Pemberhentian",E36&"OUT"&F36,E36&G36&F36) | AF36: =G36&"."&D36&"."&I36 -> .. | AG36: =L36 | AH36: =M36 | AI36: =IF(AG36="","",AJ36&" "&VLOOKUP(AK36,AX:AY,2,FALSE)&" "&AL36) | AJ36: =TEXT(AG36,"D") | AK36: =TEXT(AG36,"MMMM") | AL36: =TEXT(AG36,"YYYY") | AM36: =IF(AI36="","",AN36&" "&VLOOKUP(AO36,AX:AY,2,FALSE)&" "&AP36) | AN36: =TEXT(S36,"D") | AO36: =TEXT(S36,"MMMM") | AP36: =TEXT(S36,"YYYY") | AQ36: =IF(AM36="","",AR36&" "&VLOOKUP(AS36,AX:AY,2,FALSE)&" "&AT36) | AR36: =TEXT(M36,"D") | AS36: =TEXT(M36,"MMMM") | AT36: =TEXT(M36,"YYYY") | AU36: =IF(OR(G36="Umum",G36=""),"",VLOOKUP(VALUE(TEXT(M36,"M")-1),AW:AY,3,FALSE)) | BA36: ='REGISTER SK'!F39 -> 0
A37: 36 | B37: ok | C37: =IF(G37="","",IF(G37="Umum",G37,VLOOKUP(F37,'Data Induk Pegawai'!B:AE,4,FALSE))) | D37: =IF('REGISTER SK'!A40="","",IF('REGISTER SK'!B40=0,D36,'REGISTER SK'!B40)) | E37: =IF(D37="","",D37&"/"&D37+1) | H37: =IF(F37="","",VLOOKUP(F37,'Data Induk Pegawai'!B:U,2,FALSE)) | I37: =IF('REGISTER SK'!C40="","",'REGISTER SK'!C40) | L37: =IF('REGISTER SK'!D40="","",'REGISTER SK'!D40) | M37: =IF('REGISTER SK'!E40="","",'REGISTER SK'!E40) | N37: =IF(G37="","",IF(OR(G37="GTT",G37="PTT"),"--",VLOOKUP(F37,'Data Induk Pegawai'!B:AE,4,FALSE))) | O37: Pemalang, 6 Februari 1978 | P37: =IF(G37="","",VLOOKUP(F37,'Data Induk Pegawai'!B:AE,7,FALSE)) | R37: =IF(G37="","","Nomor "&RIGHT(VLOOKUP(F37,'Data Induk Pegawai'!B:AE,12,FALSE),2)&" Tahun "&MID(VLOOKUP(F37,'Data Induk Pegawai'!B:AE,12,FALSE),5,4)) | S37: =IF(G37="","",VLOOKUP(F37,'Data Induk Pegawai'!B:AE,11,FALSE)) | U37: =IF(Y37="","",IF(Z37<1,AA37&" Bulan",IF(AND(Z37>0,AA37=0),Z37&" Tahun",Z37&" Tahun "&AA37&" Bulan"))) | W37: =V37&H37 | Y37: =IFERROR(IF(S37="","",DATEDIF(S37,M37,"M")),"?") | Z37: =IFERROR(IF(Y37="","",ROUNDDOWN(Y37/12,0)),"-") | AA37: =IFERROR(IF(Y37="","",Y37-Z37*12),"-") | AB37: =COUNTIFS(AC37:AC$596,AC37)&AC37 -> 560 | AC37: =IF(LEFT(V37,16)="SK Pemberhentian","OUT"&F37,IF(RIGHT(G37,2)="TT","GPTT",IF(RIGHT(G37,2)="TY","GPTY",G37))&F37) | AD37: =COUNTIFS(AC$2:AC37,AC37)&AC37 -> 36 | AE37: =IF(LEFT(V37,16)="SK Pemberhentian",E37&"OUT"&F37,E37&G37&F37) | AF37: =G37&"."&D37&"."&I37 -> .. | AG37: =L37 | AH37: =M37 | AI37: =IF(AG37="","",AJ37&" "&VLOOKUP(AK37,AX:AY,2,FALSE)&" "&AL37) | AJ37: =TEXT(AG37,"D") | AK37: =TEXT(AG37,"MMMM") | AL37: =TEXT(AG37,"YYYY") | AM37: =IF(AI37="","",AN37&" "&VLOOKUP(AO37,AX:AY,2,FALSE)&" "&AP37) | AN37: =TEXT(S37,"D") | AO37: =TEXT(S37,"MMMM") | AP37: =TEXT(S37,"YYYY") | AQ37: =IF(AM37="","",AR37&" "&VLOOKUP(AS37,AX:AY,2,FALSE)&" "&AT37) | AR37: =TEXT(M37,"D") | AS37: =TEXT(M37,"MMMM") | AT37: =TEXT(M37,"YYYY") | AU37: =IF(OR(G37="Umum",G37=""),"",VLOOKUP(VALUE(TEXT(M37,"M")-1),AW:AY,3,FALSE)) | BA37: ='REGISTER SK'!F40 -> 0
A38: 37 | B38: ok | C38: =IF(G38="","",IF(G38="Umum",G38,VLOOKUP(F38,'Data Induk Pegawai'!B:AE,4,FALSE))) | D38: =IF('REGISTER SK'!A41="","",IF('REGISTER SK'!B41=0,D37,'REGISTER SK'!B41)) | E38: =IF(D38="","",D38&"/"&D38+1) | H38: =IF(F38="","",VLOOKUP(F38,'Data Induk Pegawai'!B:U,2,FALSE)) | I38: =IF('REGISTER SK'!C41="","",'REGISTER SK'!C41) | L38: =IF('REGISTER SK'!D41="","",'REGISTER SK'!D41) | M38: =IF('REGISTER SK'!E41="","",'REGISTER SK'!E41) | N38: =IF(G38="","",IF(OR(G38="GTT",G38="PTT"),"--",VLOOKUP(F38,'Data Induk Pegawai'!B:AE,4,FALSE))) | O38: Sragen, 5 November 1979 | P38: =IF(G38="","",VLOOKUP(F38,'Data Induk Pegawai'!B:AE,7,FALSE)) | R38: =IF(G38="","","Nomor "&RIGHT(VLOOKUP(F38,'Data Induk Pegawai'!B:AE,12,FALSE),2)&" Tahun "&MID(VLOOKUP(F38,'Data Induk Pegawai'!B:AE,12,FALSE),5,4)) | S38: =IF(G38="","",VLOOKUP(F38,'Data Induk Pegawai'!B:AE,11,FALSE)) | U38: =IF(Y38="","",IF(Z38<1,AA38&" Bulan",IF(AND(Z38>0,AA38=0),Z38&" Tahun",Z38&" Tahun "&AA38&" Bulan"))) | W38: =V38&H38 | Y38: =IFERROR(IF(S38="","",DATEDIF(S38,M38,"M")),"?") | Z38: =IFERROR(IF(Y38="","",ROUNDDOWN(Y38/12,0)),"-") | AA38: =IFERROR(IF(Y38="","",Y38-Z38*12),"-") | AB38: =COUNTIFS(AC38:AC$596,AC38)&AC38 -> 559 | AC38: =IF(LEFT(V38,16)="SK Pemberhentian","OUT"&F38,IF(RIGHT(G38,2)="TT","GPTT",IF(RIGHT(G38,2)="TY","GPTY",G38))&F38) | AD38: =COUNTIFS(AC$2:AC38,AC38)&AC38 -> 37 | AE38: =IF(LEFT(V38,16)="SK Pemberhentian",E38&"OUT"&F38,E38&G38&F38) | AF38: =G38&"."&D38&"."&I38 -> .. | AG38: =L38 | AH38: =M38 | AI38: =IF(AG38="","",AJ38&" "&VLOOKUP(AK38,AX:AY,2,FALSE)&" "&AL38) | AJ38: =TEXT(AG38,"D") | AK38: =TEXT(AG38,"MMMM") | AL38: =TEXT(AG38,"YYYY") | AM38: =IF(AI38="","",AN38&" "&VLOOKUP(AO38,AX:AY,2,FALSE)&" "&AP38) | AN38: =TEXT(S38,"D") | AO38: =TEXT(S38,"MMMM") | AP38: =TEXT(S38,"YYYY") | AQ38: =IF(AM38="","",AR38&" "&VLOOKUP(AS38,AX:AY,2,FALSE)&" "&AT38) | AR38: =TEXT(M38,"D") | AS38: =TEXT(M38,"MMMM") | AT38: =TEXT(M38,"YYYY") | AU38: =IF(OR(G38="Umum",G38=""),"",VLOOKUP(VALUE(TEXT(M38,"M")-1),AW:AY,3,FALSE)) | BA38: ='REGISTER SK'!F41 -> 0
A39: 38 | B39: ok | C39: =IF(G39="","",IF(G39="Umum",G39,VLOOKUP(F39,'Data Induk Pegawai'!B:AE,4,FALSE))) | D39: =IF('REGISTER SK'!A42="","",IF('REGISTER SK'!B42=0,D38,'REGISTER SK'!B42)) | E39: =IF(D39="","",D39&"/"&D39+1) | H39: =IF(F39="","",VLOOKUP(F39,'Data Induk Pegawai'!B:U,2,FALSE)) | I39: =IF('REGISTER SK'!C42="","",'REGISTER SK'!C42) | L39: =IF('REGISTER SK'!D42="","",'REGISTER SK'!D42) | M39: =IF('REGISTER SK'!E42="","",'REGISTER SK'!E42) | N39: =IF(G39="","",IF(OR(G39="GTT",G39="PTT"),"--",VLOOKUP(F39,'Data Induk Pegawai'!B:AE,4,FALSE))) | O39: Pemalang, 7 November 1992 | P39: =IF(G39="","",VLOOKUP(F39,'Data Induk Pegawai'!B:AE,7,FALSE)) | R39: =IF(G39="","","Nomor "&RIGHT(VLOOKUP(F39,'Data Induk Pegawai'!B:AE,12,FALSE),2)&" Tahun "&MID(VLOOKUP(F39,'Data Induk Pegawai'!B:AE,12,FALSE),5,4)) | S39: =IF(G39="","",VLOOKUP(F39,'Data Induk Pegawai'!B:AE,11,FALSE)) | U39: =IF(Y39="","",IF(Z39<1,AA39&" Bulan",IF(AND(Z39>0,AA39=0),Z39&" Tahun",Z39&" Tahun "&AA39&" Bulan"))) | W39: =V39&H39 | Y39: =IFERROR(IF(S39="","",DATEDIF(S39,M39,"M")),"?") | Z39: =IFERROR(IF(Y39="","",ROUNDDOWN(Y39/12,0)),"-") | AA39: =IFERROR(IF(Y39="","",Y39-Z39*12),"-") | AB39: =COUNTIFS(AC39:AC$596,AC39)&AC39 -> 558 | AC39: =IF(LEFT(V39,16)="SK Pemberhentian","OUT"&F39,IF(RIGHT(G39,2)="TT","GPTT",IF(RIGHT(G39,2)="TY","GPTY",G39))&F39) | AD39: =COUNTIFS(AC$2:AC39,AC39)&AC39 -> 38 | AE39: =IF(LEFT(V39,16)="SK Pemberhentian",E39&"OUT"&F39,E39&G39&F39) | AF39: =G39&"."&D39&"."&I39 -> .. | AG39: =L39 | AH39: =M39 | AI39: =IF(AG39="","",AJ39&" "&VLOOKUP(AK39,AX:AY,2,FALSE)&" "&AL39) | AJ39: =TEXT(AG39,"D") | AK39: =TEXT(AG39,"MMMM") | AL39: =TEXT(AG39,"YYYY") | AM39: =IF(AI39="","",AN39&" "&VLOOKUP(AO39,AX:AY,2,FALSE)&" "&AP39) | AN39: =TEXT(S39,"D") | AO39: =TEXT(S39,"MMMM") | AP39: =TEXT(S39,"YYYY") | AQ39: =IF(AM39="","",AR39&" "&VLOOKUP(AS39,AX:AY,2,FALSE)&" "&AT39) | AR39: =TEXT(M39,"D") | AS39: =TEXT(M39,"MMMM") | AT39: =TEXT(M39,"YYYY") | AU39: =IF(OR(G39="Umum",G39=""),"",VLOOKUP(VALUE(TEXT(M39,"M")-1),AW:AY,3,FALSE)) | BA39: ='REGISTER SK'!F42 -> 0
A40: 39 | B40: ok | C40: =IF(G40="","",IF(G40="Umum",G40,VLOOKUP(F40,'Data Induk Pegawai'!B:AE,4,FALSE))) | D40: =IF('REGISTER SK'!A43="","",IF('REGISTER SK'!B43=0,D39,'REGISTER SK'!B43)) | E40: =IF(D40="","",D40&"/"&D40+1) | H40: =IF(F40="","",VLOOKUP(F40,'Data Induk Pegawai'!B:U,2,FALSE)) | I40: =IF('REGISTER SK'!C43="","",'REGISTER SK'!C43) | L40: =IF('REGISTER SK'!D43="","",'REGISTER SK'!D43) | M40: =IF('REGISTER SK'!E43="","",'REGISTER SK'!E43) | N40: =IF(G40="","",IF(OR(G40="GTT",G40="PTT"),"--",VLOOKUP(F40,'Data Induk Pegawai'!B:AE,4,FALSE))) | O40: Pemalang, 8 Mei 1995 | P40: =IF(G40="","",VLOOKUP(F40,'Data Induk Pegawai'!B:AE,7,FALSE)) | R40: =IF(G40="","","Nomor "&RIGHT(VLOOKUP(F40,'Data Induk Pegawai'!B:AE,12,FALSE),2)&" Tahun "&MID(VLOOKUP(F40,'Data Induk Pegawai'!B:AE,12,FALSE),5,4)) | S40: =IF(G40="","",VLOOKUP(F40,'Data Induk Pegawai'!B:AE,11,FALSE)) | U40: =IF(Y40="","",IF(Z40<1,AA40&" Bulan",IF(AND(Z40>0,AA40=0),Z40&" Tahun",Z40&" Tahun "&AA40&" Bulan"))) | W40: =V40&H40 | Y40: =IFERROR(IF(S40="","",DATEDIF(S40,M40,"M")),"?") | Z40: =IFERROR(IF(Y40="","",ROUNDDOWN(Y40/12,0)),"-") | AA40: =IFERROR(IF(Y40="","",Y40-Z40*12),"-") | AB40: =COUNTIFS(AC40:AC$596,AC40)&AC40 -> 557 | AC40: =IF(LEFT(V40,16)="SK Pemberhentian","OUT"&F40,IF(RIGHT(G40,2)="TT","GPTT",IF(RIGHT(G40,2)="TY","GPTY",G40))&F40) | AD40: =COUNTIFS(AC$2:AC40,AC40)&AC40 -> 39 | AE40: =IF(LEFT(V40,16)="SK Pemberhentian",E40&"OUT"&F40,E40&G40&F40) | AF40: =G40&"."&D40&"."&I40 -> .. | AG40: =L40 | AH40: =M40 | AI40: =IF(AG40="","",AJ40&" "&VLOOKUP(AK40,AX:AY,2,FALSE)&" "&AL40) | AJ40: =TEXT(AG40,"D") | AK40: =TEXT(AG40,"MMMM") | AL40: =TEXT(AG40,"YYYY") | AM40: =IF(AI40="","",AN40&" "&VLOOKUP(AO40,AX:AY,2,FALSE)&" "&AP40) | AN40: =TEXT(S40,"D") | AO40: =TEXT(S40,"MMMM") | AP40: =TEXT(S40,"YYYY") | AQ40: =IF(AM40="","",AR40&" "&VLOOKUP(AS40,AX:AY,2,FALSE)&" "&AT40) | AR40: =TEXT(M40,"D") | AS40: =TEXT(M40,"MMMM") | AT40: =TEXT(M40,"YYYY") | AU40: =IF(OR(G40="Umum",G40=""),"",VLOOKUP(VALUE(TEXT(M40,"M")-1),AW:AY,3,FALSE)) | BA40: ='REGISTER SK'!F43 -> 0
A41: 40 | B41: ok | C41: =IF(G41="","",IF(G41="Umum",G41,VLOOKUP(F41,'Data Induk Pegawai'!B:AE,4,FALSE))) | D41: =IF('REGISTER SK'!A44="","",IF('REGISTER SK'!B44=0,D40,'REGISTER SK'!B44)) | E41: =IF(D41="","",D41&"/"&D41+1) | H41: =IF(F41="","",VLOOKUP(F41,'Data Induk Pegawai'!B:U,2,FALSE)) | I41: =IF('REGISTER SK'!C44="","",'REGISTER SK'!C44) | L41: =IF('REGISTER SK'!D44="","",'REGISTER SK'!D44) | M41: =IF('REGISTER SK'!E44="","",'REGISTER SK'!E44) | N41: =IF(G41="","",IF(OR(G41="GTT",G41="PTT"),"--",VLOOKUP(F41,'Data Induk Pegawai'!B:AE,4,FALSE))) | O41: Pemalang, 5 Juni 1997 | P41: =IF(G41="","",VLOOKUP(F41,'Data Induk Pegawai'!B:AE,7,FALSE)) | R41: =IF(G41="","","Nomor "&RIGHT(VLOOKUP(F41,'Data Induk Pegawai'!B:AE,12,FALSE),2)&" Tahun "&MID(VLOOKUP(F41,'Data Induk Pegawai'!B:AE,12,FALSE),5,4)) | S41: =IF(G41="","",VLOOKUP(F41,'Data Induk Pegawai'!B:AE,11,FALSE)) | U41: =IF(Y41="","",IF(Z41<1,AA41&" Bulan",IF(AND(Z41>0,AA41=0),Z41&" Tahun",Z41&" Tahun "&AA41&" Bulan"))) | W41: =V41&H41 | Y41: =IFERROR(IF(S41="","",DATEDIF(S41,M41,"M")),"?") | Z41: =IFERROR(IF(Y41="","",ROUNDDOWN(Y41/12,0)),"-") | AA41: =IFERROR(IF(Y41="","",Y41-Z41*12),"-") | AB41: =COUNTIFS(AC41:AC$596,AC41)&AC41 -> 556 | AC41: =IF(LEFT(V41,16)="SK Pemberhentian","OUT"&F41,IF(RIGHT(G41,2)="TT","GPTT",IF(RIGHT(G41,2)="TY","GPTY",G41))&F41) | AD41: =COUNTIFS(AC$2:AC41,AC41)&AC41 -> 40 | AE41: =IF(LEFT(V41,16)="SK Pemberhentian",E41&"OUT"&F41,E41&G41&F41) | AF41: =G41&"."&D41&"."&I41 -> .. | AG41: =L41 | AH41: =M41 | AI41: =IF(AG41="","",AJ41&" "&VLOOKUP(AK41,AX:AY,2,FALSE)&" "&AL41) | AJ41: =TEXT(AG41,"D") | AK41: =TEXT(AG41,"MMMM") | AL41: =TEXT(AG41,"YYYY") | AM41: =IF(AI41="","",AN41&" "&VLOOKUP(AO41,AX:AY,2,FALSE)&" "&AP41) | AN41: =TEXT(S41,"D") | AO41: =TEXT(S41,"MMMM") | AP41: =TEXT(S41,"YYYY") | AQ41: =IF(AM41="","",AR41&" "&VLOOKUP(AS41,AX:AY,2,FALSE)&" "&AT41) | AR41: =TEXT(M41,"D") | AS41: =TEXT(M41,"MMMM") | AT41: =TEXT(M41,"YYYY") | AU41: =IF(OR(G41="Umum",G41=""),"",VLOOKUP(VALUE(TEXT(M41,"M")-1),AW:AY,3,FALSE)) | BA41: ='REGISTER SK'!F44 -> 0
A42: 41 | B42: ok | C42: =IF(G42="","",IF(G42="Umum",G42,VLOOKUP(F42,'Data Induk Pegawai'!B:AE,4,FALSE))) | D42: =IF('REGISTER SK'!A45="","",IF('REGISTER SK'!B45=0,D41,'REGISTER SK'!B45)) | E42: =IF(D42="","",D42&"/"&D42+1) | H42: =IF(F42="","",VLOOKUP(F42,'Data Induk Pegawai'!B:U,2,FALSE)) | I42: =IF('REGISTER SK'!C45="","",'REGISTER SK'!C45) | L42: =IF('REGISTER SK'!D45="","",'REGISTER SK'!D45) | M42: =IF('REGISTER SK'!E45="","",'REGISTER SK'!E45) | N42: =IF(G42="","",IF(OR(G42="GTT",G42="PTT"),"--",VLOOKUP(F42,'Data Induk Pegawai'!B:AE,4,FALSE))) | O42: Pemalang, 17 Mei 1979 | P42: =IF(G42="","",VLOOKUP(F42,'Data Induk Pegawai'!B:AE,7,FALSE)) | R42: =IF(G42="","","Nomor "&RIGHT(VLOOKUP(F42,'Data Induk Pegawai'!B:AE,12,FALSE),2)&" Tahun "&MID(VLOOKUP(F42,'Data Induk Pegawai'!B:AE,12,FALSE),5,4)) | S42: =IF(G42="","",VLOOKUP(F42,'Data Induk Pegawai'!B:AE,11,FALSE)) | U42: =IF(Y42="","",IF(Z42<1,AA42&" Bulan",IF(AND(Z42>0,AA42=0),Z42&" Tahun",Z42&" Tahun "&AA42&" Bulan"))) | W42: =V42&H42 | Y42: =IFERROR(IF(S42="","",DATEDIF(S42,M42,"M")),"?") | Z42: =IFERROR(IF(Y42="","",ROUNDDOWN(Y42/12,0)),"-") | AA42: =IFERROR(IF(Y42="","",Y42-Z42*12),"-") | AB42: =COUNTIFS(AC42:AC$596,AC42)&AC42 -> 555 | AC42: =IF(LEFT(V42,16)="SK Pemberhentian","OUT"&F42,IF(RIGHT(G42,2)="TT","GPTT",IF(RIGHT(G42,2)="TY","GPTY",G42))&F42) | AD42: =COUNTIFS(AC$2:AC42,AC42)&AC42 -> 41 | AE42: =IF(LEFT(V42,16)="SK Pemberhentian",E42&"OUT"&F42,E42&G42&F42) | AF42: =G42&"."&D42&"."&I42 -> .. | AG42: =L42 | AH42: =M42 | AI42: =IF(AG42="","",AJ42&" "&VLOOKUP(AK42,AX:AY,2,FALSE)&" "&AL42) | AJ42: =TEXT(AG42,"D") | AK42: =TEXT(AG42,"MMMM") | AL42: =TEXT(AG42,"YYYY") | AM42: =IF(AI42="","",AN42&" "&VLOOKUP(AO42,AX:AY,2,FALSE)&" "&AP42) | AN42: =TEXT(S42,"D") | AO42: =TEXT(S42,"MMMM") | AP42: =TEXT(S42,"YYYY") | AQ42: =IF(AM42="","",AR42&" "&VLOOKUP(AS42,AX:AY,2,FALSE)&" "&AT42) | AR42: =TEXT(M42,"D") | AS42: =TEXT(M42,"MMMM") | AT42: =TEXT(M42,"YYYY") | AU42: =IF(OR(G42="Umum",G42=""),"",VLOOKUP(VALUE(TEXT(M42,"M")-1),AW:AY,3,FALSE)) | BA42: ='REGISTER SK'!F45 -> 0
A43: 42 | B43: ok | C43: =IF(G43="","",IF(G43="Umum",G43,VLOOKUP(F43,'Data Induk Pegawai'!B:AE,4,FALSE))) | D43: =IF('REGISTER SK'!A46="","",IF('REGISTER SK'!B46=0,D42,'REGISTER SK'!B46)) | E43: =IF(D43="","",D43&"/"&D43+1) | H43: =IF(F43="","",VLOOKUP(F43,'Data Induk Pegawai'!B:U,2,FALSE)) | I43: =IF('REGISTER SK'!C46="","",'REGISTER SK'!C46) | L43: =IF('REGISTER SK'!D46="","",'REGISTER SK'!D46) | M43: =IF('REGISTER SK'!E46="","",'REGISTER SK'!E46) | N43: =IF(G43="","",IF(OR(G43="GTT",G43="PTT"),"--",VLOOKUP(F43,'Data Induk Pegawai'!B:AE,4,FALSE))) | O43: Pemalang, 20 Februari 1981 | P43: =IF(G43="","",VLOOKUP(F43,'Data Induk Pegawai'!B:AE,7,FALSE)) | R43: =IF(G43="","","Nomor "&RIGHT(VLOOKUP(F43,'Data Induk Pegawai'!B:AE,12,FALSE),2)&" Tahun "&MID(VLOOKUP(F43,'Data Induk Pegawai'!B:AE,12,FALSE),5,4)) | S43: =IF(G43="","",VLOOKUP(F43,'Data Induk Pegawai'!B:AE,11,FALSE)) | U43: =IF(Y43="","",IF(Z43<1,AA43&" Bulan",IF(AND(Z43>0,AA43=0),Z43&" Tahun",Z43&" Tahun "&AA43&" Bulan"))) | W43: =V43&H43 | Y43: =IFERROR(IF(S43="","",DATEDIF(S43,M43,"M")),"?") | Z43: =IFERROR(IF(Y43="","",ROUNDDOWN(Y43/12,0)),"-") | AA43: =IFERROR(IF(Y43="","",Y43-Z43*12),"-") | AB43: =COUNTIFS(AC43:AC$596,AC43)&AC43 -> 554 | AC43: =IF(LEFT(V43,16)="SK Pemberhentian","OUT"&F43,IF(RIGHT(G43,2)="TT","GPTT",IF(RIGHT(G43,2)="TY","GPTY",G43))&F43) | AD43: =COUNTIFS(AC$2:AC43,AC43)&AC43 -> 42 | AE43: =IF(LEFT(V43,16)="SK Pemberhentian",E43&"OUT"&F43,E43&G43&F43) | AF43: =G43&"."&D43&"."&I43 -> .. | AG43: =L43 | AH43: =M43 | AI43: =IF(AG43="","",AJ43&" "&VLOOKUP(AK43,AX:AY,2,FALSE)&" "&AL43) | AJ43: =TEXT(AG43,"D") | AK43: =TEXT(AG43,"MMMM") | AL43: =TEXT(AG43,"YYYY") | AM43: =IF(AI43="","",AN43&" "&VLOOKUP(AO43,AX:AY,2,FALSE)&" "&AP43) | AN43: =TEXT(S43,"D") | AO43: =TEXT(S43,"MMMM") | AP43: =TEXT(S43,"YYYY") | AQ43: =IF(AM43="","",AR43&" "&VLOOKUP(AS43,AX:AY,2,FALSE)&" "&AT43) | AR43: =TEXT(M43,"D") | AS43: =TEXT(M43,"MMMM") | AT43: =TEXT(M43,"YYYY") | AU43: =IF(OR(G43="Umum",G43=""),"",VLOOKUP(VALUE(TEXT(M43,"M")-1),AW:AY,3,FALSE)) | BA43: ='REGISTER SK'!F46 -> 0
A44: 43 | B44: ok | C44: =IF(G44="","",IF(G44="Umum",G44,VLOOKUP(F44,'Data Induk Pegawai'!B:AE,4,FALSE))) | D44: =IF('REGISTER SK'!A47="","",IF('REGISTER SK'!B47=0,D43,'REGISTER SK'!B47)) | E44: =IF(D44="","",D44&"/"&D44+1) | H44: =IF(F44="","",VLOOKUP(F44,'Data Induk Pegawai'!B:U,2,FALSE)) | I44: =IF('REGISTER SK'!C47="","",'REGISTER SK'!C47) | L44: =IF('REGISTER SK'!D47="","",'REGISTER SK'!D47) | M44: =IF('REGISTER SK'!E47="","",'REGISTER SK'!E47) | N44: =IF(G44="","",IF(OR(G44="GTT",G44="PTT"),"--",VLOOKUP(F44,'Data Induk Pegawai'!B:AE,4,FALSE))) | O44: Pemalang, 6 Februari 1999 | P44: =IF(G44="","",VLOOKUP(F44,'Data Induk Pegawai'!B:AE,7,FALSE)) | R44: =IF(G44="","","Nomor "&RIGHT(VLOOKUP(F44,'Data Induk Pegawai'!B:AE,12,FALSE),2)&" Tahun "&MID(VLOOKUP(F44,'Data Induk Pegawai'!B:AE,12,FALSE),5,4)) | S44: =IF(G44="","",VLOOKUP(F44,'Data Induk Pegawai'!B:AE,11,FALSE)) | U44: =IF(Y44="","",IF(Z44<1,AA44&" Bulan",IF(AND(Z44>0,AA44=0),Z44&" Tahun",Z44&" Tahun "&AA44&" Bulan"))) | W44: =V44&H44 | Y44: =IFERROR(IF(S44="","",DATEDIF(S44,M44,"M")),"?") | Z44: =IFERROR(IF(Y44="","",ROUNDDOWN(Y44/12,0)),"-") | AA44: =IFERROR(IF(Y44="","",Y44-Z44*12),"-") | AB44: =COUNTIFS(AC44:AC$596,AC44)&AC44 -> 553 | AC44: =IF(LEFT(V44,16)="SK Pemberhentian","OUT"&F44,IF(RIGHT(G44,2)="TT","GPTT",IF(RIGHT(G44,2)="TY","GPTY",G44))&F44) | AD44: =COUNTIFS(AC$2:AC44,AC44)&AC44 -> 43 | AE44: =IF(LEFT(V44,16)="SK Pemberhentian",E44&"OUT"&F44,E44&G44&F44) | AF44: =G44&"."&D44&"."&I44 -> .. | AG44: =L44 | AH44: =M44 | AI44: =IF(AG44="","",AJ44&" "&VLOOKUP(AK44,AX:AY,2,FALSE)&" "&AL44) | AJ44: =TEXT(AG44,"D") | AK44: =TEXT(AG44,"MMMM") | AL44: =TEXT(AG44,"YYYY") | AM44: =IF(AI44="","",AN44&" "&VLOOKUP(AO44,AX:AY,2,FALSE)&" "&AP44) | AN44: =TEXT(S44,"D") | AO44: =TEXT(S44,"MMMM") | AP44: =TEXT(S44,"YYYY") | AQ44: =IF(AM44="","",AR44&" "&VLOOKUP(AS44,AX:AY,2,FALSE)&" "&AT44) | AR44: =TEXT(M44,"D") | AS44: =TEXT(M44,"MMMM") | AT44: =TEXT(M44,"YYYY") | AU44: =IF(OR(G44="Umum",G44=""),"",VLOOKUP(VALUE(TEXT(M44,"M")-1),AW:AY,3,FALSE)) | BA44: ='REGISTER SK'!F47 -> 0
A45: 44 | B45: ok | C45: =IF(G45="","",IF(G45="Umum",G45,VLOOKUP(F45,'Data Induk Pegawai'!B:AE,4,FALSE))) | D45: =IF('REGISTER SK'!A48="","",IF('REGISTER SK'!B48=0,D44,'REGISTER SK'!B48)) | E45: =IF(D45="","",D45&"/"&D45+1) | H45: =IF(F45="","",VLOOKUP(F45,'Data Induk Pegawai'!B:U,2,FALSE)) | I45: =IF('REGISTER SK'!C48="","",'REGISTER SK'!C48) | L45: =IF('REGISTER SK'!D48="","",'REGISTER SK'!D48) | M45: =IF('REGISTER SK'!E48="","",'REGISTER SK'!E48) | N45: =IF(G45="","",IF(OR(G45="GTT",G45="PTT"),"--",VLOOKUP(F45,'Data Induk Pegawai'!B:AE,4,FALSE))) | O45: Pemalang, 30 September 1993 | P45: =IF(G45="","",VLOOKUP(F45,'Data Induk Pegawai'!B:AE,7,FALSE)) | R45: =IF(G45="","","Nomor "&RIGHT(VLOOKUP(F45,'Data Induk Pegawai'!B:AE,12,FALSE),2)&" Tahun "&MID(VLOOKUP(F45,'Data Induk Pegawai'!B:AE,12,FALSE),5,4)) | S45: =IF(G45="","",VLOOKUP(F45,'Data Induk Pegawai'!B:AE,11,FALSE)) | U45: =IF(Y45="","",IF(Z45<1,AA45&" Bulan",IF(AND(Z45>0,AA45=0),Z45&" Tahun",Z45&" Tahun "&AA45&" Bulan"))) | W45: =V45&H45 | Y45: =IFERROR(IF(S45="","",DATEDIF(S45,M45,"M")),"?") | Z45: =IFERROR(IF(Y45="","",ROUNDDOWN(Y45/12,0)),"-") | AA45: =IFERROR(IF(Y45="","",Y45-Z45*12),"-") | AB45: =COUNTIFS(AC45:AC$596,AC45)&AC45 -> 552 | AC45: =IF(LEFT(V45,16)="SK Pemberhentian","OUT"&F45,IF(RIGHT(G45,2)="TT","GPTT",IF(RIGHT(G45,2)="TY","GPTY",G45))&F45) | AD45: =COUNTIFS(AC$2:AC45,AC45)&AC45 -> 44 | AE45: =IF(LEFT(V45,16)="SK Pemberhentian",E45&"OUT"&F45,E45&G45&F45) | AF45: =G45&"."&D45&"."&I45 -> .. | AG45: =L45 | AH45: =M45 | AI45: =IF(AG45="","",AJ45&" "&VLOOKUP(AK45,AX:AY,2,FALSE)&" "&AL45) | AJ45: =TEXT(AG45,"D") | AK45: =TEXT(AG45,"MMMM") | AL45: =TEXT(AG45,"YYYY") | AM45: =IF(AI45="","",AN45&" "&VLOOKUP(AO45,AX:AY,2,FALSE)&" "&AP45) | AN45: =TEXT(S45,"D") | AO45: =TEXT(S45,"MMMM") | AP45: =TEXT(S45,"YYYY") | AQ45: =IF(AM45="","",AR45&" "&VLOOKUP(AS45,AX:AY,2,FALSE)&" "&AT45) | AR45: =TEXT(M45,"D") | AS45: =TEXT(M45,"MMMM") | AT45: =TEXT(M45,"YYYY") | AU45: =IF(OR(G45="Umum",G45=""),"",VLOOKUP(VALUE(TEXT(M45,"M")-1),AW:AY,3,FALSE)) | BA45: ='REGISTER SK'!F48 -> 0
A46: 45 | B46: ok | C46: =IF(G46="","",IF(G46="Umum",G46,VLOOKUP(F46,'Data Induk Pegawai'!B:AE,4,FALSE))) | D46: =IF('REGISTER SK'!A49="","",IF('REGISTER SK'!B49=0,D45,'REGISTER SK'!B49)) | E46: =IF(D46="","",D46&"/"&D46+1) | H46: =IF(F46="","",VLOOKUP(F46,'Data Induk Pegawai'!B:U,2,FALSE)) | I46: =IF('REGISTER SK'!C49="","",'REGISTER SK'!C49) | L46: =IF('REGISTER SK'!D49="","",'REGISTER SK'!D49) | M46: =IF('REGISTER SK'!E49="","",'REGISTER SK'!E49) | N46: =IF(G46="","",IF(OR(G46="GTT",G46="PTT"),"--",VLOOKUP(F46,'Data Induk Pegawai'!B:AE,4,FALSE))) | O46: Pemalang, 10 November 1974 | P46: =IF(G46="","",VLOOKUP(F46,'Data Induk Pegawai'!B:AE,7,FALSE)) | R46: =IF(G46="","","Nomor "&RIGHT(VLOOKUP(F46,'Data Induk Pegawai'!B:AE,12,FALSE),2)&" Tahun "&MID(VLOOKUP(F46,'Data Induk Pegawai'!B:AE,12,FALSE),5,4)) | S46: =IF(G46="","",VLOOKUP(F46,'Data Induk Pegawai'!B:AE,11,FALSE)) | U46: =IF(Y46="","",IF(Z46<1,AA46&" Bulan",IF(AND(Z46>0,AA46=0),Z46&" Tahun",Z46&" Tahun "&AA46&" Bulan"))) | W46: =V46&H46 | Y46: =IFERROR(IF(S46="","",DATEDIF(S46,M46,"M")),"?") | Z46: =IFERROR(IF(Y46="","",ROUNDDOWN(Y46/12,0)),"-") | AA46: =IFERROR(IF(Y46="","",Y46-Z46*12),"-") | AB46: =COUNTIFS(AC46:AC$596,AC46)&AC46 -> 551 | AC46: =IF(LEFT(V46,16)="SK Pemberhentian","OUT"&F46,IF(RIGHT(G46,2)="TT","GPTT",IF(RIGHT(G46,2)="TY","GPTY",G46))&F46) | AD46: =COUNTIFS(AC$2:AC46,AC46)&AC46 -> 45 | AE46: =IF(LEFT(V46,16)="SK Pemberhentian",E46&"OUT"&F46,E46&G46&F46) | AF46: =G46&"."&D46&"."&I46 -> .. | AG46: =L46 | AH46: =M46 | AI46: =IF(AG46="","",AJ46&" "&VLOOKUP(AK46,AX:AY,2,FALSE)&" "&AL46) | AJ46: =TEXT(AG46,"D") | AK46: =TEXT(AG46,"MMMM") | AL46: =TEXT(AG46,"YYYY") | AM46: =IF(AI46="","",AN46&" "&VLOOKUP(AO46,AX:AY,2,FALSE)&" "&AP46) | AN46: =TEXT(S46,"D") | AO46: =TEXT(S46,"MMMM") | AP46: =TEXT(S46,"YYYY") | AQ46: =IF(AM46="","",AR46&" "&VLOOKUP(AS46,AX:AY,2,FALSE)&" "&AT46) | AR46: =TEXT(M46,"D") | AS46: =TEXT(M46,"MMMM") | AT46: =TEXT(M46,"YYYY") | AU46: =IF(OR(G46="Umum",G46=""),"",VLOOKUP(VALUE(TEXT(M46,"M")-1),AW:AY,3,FALSE)) | BA46: ='REGISTER SK'!F49 -> 0
... A56: 55 | B56: ok | C56: =IF(G56="","",IF(G56="Umum",G56,VLOOKUP(F56,'Data Induk Pegawai'!B:AE,4,FALSE))) | D56: =IF('REGISTER SK'!A59="","",IF('REGISTER SK'!B59=0,D55,'REGISTER SK'!B59)) | E56: =IF(D56="","",D56&"/"&D56+1) | H56: =IF(F56="","",VLOOKUP(F56,'Data Induk Pegawai'!B:U,2,FALSE)) | I56: =IF('REGISTER SK'!C59="","",'REGISTER SK'!C59) | L56: =IF('REGISTER SK'!D59="","",'REGISTER SK'!D59) | M56: =IF('REGISTER SK'!E59="","",'REGISTER SK'!E59) | N56: =IF(G56="","",IF(OR(G56="GTT",G56="PTT"),"--",VLOOKUP(F56,'Data Induk Pegawai'!B:AE,4,FALSE))) | O56: Pemalang, 15 Juli 1982 | P56: =IF(G56="","",VLOOKUP(F56,'Data Induk Pegawai'!B:AE,7,FALSE)) | R56: =IF(G56="","","Nomor "&RIGHT(VLOOKUP(F56,'Data Induk Pegawai'!B:AE,12,FALSE),2)&" Tahun "&MID(VLOOKUP(F56,'Data Induk Pegawai'!B:AE,12,FALSE),5,4)) | S56: =IF(G56="","",VLOOKUP(F56,'Data Induk Pegawai'!B:AE,11,FALSE)) | U56: =IF(Y56="","",IF(Z56<1,AA56&" Bulan",IF(AND(Z56>0,AA56=0),Z56&" Tahun",Z56&" Tahun "&AA56&" Bulan"))) | W56: =V56&H56 | Y56: =IFERROR(IF(S56="","",DATEDIF(S56,M56,"M")),"?") | Z56: =IFERROR(IF(Y56="","",ROUNDDOWN(Y56/12,0)),"-") | AA56: =IFERROR(IF(Y56="","",Y56-Z56*12),"-") | AB56: =COUNTIFS(AC56:AC$596,AC56)&AC56 -> 541 | AC56: =IF(LEFT(V56,16)="SK Pemberhentian","OUT"&F56,IF(RIGHT(G56,2)="TT","GPTT",IF(RIGHT(G56,2)="TY","GPTY",G56))&F56) | AD56: =COUNTIFS(AC$2:AC56,AC56)&AC56 -> 55 | AE56: =IF(LEFT(V56,16)="SK Pemberhentian",E56&"OUT"&F56,E56&G56&F56) | AF56: =G56&"."&D56&"."&I56 -> .. | AG56: =L56 | AH56: =M56 | AI56: =IF(AG56="","",AJ56&" "&VLOOKUP(AK56,AX:AY,2,FALSE)&" "&AL56) | AJ56: =TEXT(AG56,"D") | AK56: =TEXT(AG56,"MMMM") | AL56: =TEXT(AG56,"YYYY") | AM56: =IF(AI56="","",AN56&" "&VLOOKUP(AO56,AX:AY,2,FALSE)&" "&AP56) | AN56: =TEXT(S56,"D") | AO56: =TEXT(S56,"MMMM") | AP56: =TEXT(S56,"YYYY") | AQ56: =IF(AM56="","",AR56&" "&VLOOKUP(AS56,AX:AY,2,FALSE)&" "&AT56) | AR56: =TEXT(M56,"D") | AS56: =TEXT(M56,"MMMM") | AT56: =TEXT(M56,"YYYY") | AU56: =IF(OR(G56="Umum",G56=""),"",VLOOKUP(VALUE(TEXT(M56,"M")-1),AW:AY,3,FALSE)) | BA56: ='REGISTER SK'!F59 -> 0
A57: 56 | C57: =IF(G57="","",IF(G57="Umum",G57,VLOOKUP(F57,'Data Induk Pegawai'!B:AE,4,FALSE))) | D57: =IF('REGISTER SK'!A60="","",IF('REGISTER SK'!B60=0,D56,'REGISTER SK'!B60)) | E57: =IF(D57="","",D57&"/"&D57+1) | H57: =IF(F57="","",VLOOKUP(F57,'Data Induk Pegawai'!B:U,2,FALSE)) | I57: =IF('REGISTER SK'!C60="","",'REGISTER SK'!C60) | L57: =IF('REGISTER SK'!D60="","",'REGISTER SK'!D60) | M57: =IF('REGISTER SK'!E60="","",'REGISTER SK'!E60) | N57: =IF(G57="","",IF(OR(G57="GTT",G57="PTT"),"--",VLOOKUP(F57,'Data Induk Pegawai'!B:AE,4,FALSE))) | P57: =IF(G57="","",VLOOKUP(F57,'Data Induk Pegawai'!B:AE,7,FALSE)) | R57: =IF(G57="","","Nomor "&RIGHT(VLOOKUP(F57,'Data Induk Pegawai'!B:AE,12,FALSE),2)&" Tahun "&MID(VLOOKUP(F57,'Data Induk Pegawai'!B:AE,12,FALSE),5,4)) | S57: =IF(G57="","",VLOOKUP(F57,'Data Induk Pegawai'!B:AE,11,FALSE)) | U57: =IF(Y57="","",IF(Z57<1,AA57&" Bulan",IF(AND(Z57>0,AA57=0),Z57&" Tahun",Z57&" Tahun "&AA57&" Bulan"))) | W57: =V57&H57 | Y57: =IFERROR(IF(S57="","",DATEDIF(S57,M57,"M")),"?") | Z57: =IFERROR(IF(Y57="","",ROUNDDOWN(Y57/12,0)),"-") | AA57: =IFERROR(IF(Y57="","",Y57-Z57*12),"-") | AB57: =COUNTIFS(AC57:AC$596,AC57)&AC57 -> 540 | AC57: =IF(LEFT(V57,16)="SK Pemberhentian","OUT"&F57,IF(RIGHT(G57,2)="TT","GPTT",IF(RIGHT(G57,2)="TY","GPTY",G57))&F57) | AD57: =COUNTIFS(AC$2:AC57,AC57)&AC57 -> 56 | AE57: =IF(LEFT(V57,16)="SK Pemberhentian",E57&"OUT"&F57,E57&G57&F57) | AF57: =G57&"."&D57&"."&I57 -> .. | AG57: =L57 | AH57: =M57 | AI57: =IF(AG57="","",AJ57&" "&VLOOKUP(AK57,AX:AY,2,FALSE)&" "&AL57) | AJ57: =TEXT(AG57,"D") | AK57: =TEXT(AG57,"MMMM") | AL57: =TEXT(AG57,"YYYY") | AM57: =IF(AI57="","",AN57&" "&VLOOKUP(AO57,AX:AY,2,FALSE)&" "&AP57) | AN57: =TEXT(S57,"D") | AO57: =TEXT(S57,"MMMM") | AP57: =TEXT(S57,"YYYY") | AQ57: =IF(AM57="","",AR57&" "&VLOOKUP(AS57,AX:AY,2,FALSE)&" "&AT57) | AR57: =TEXT(M57,"D") | AS57: =TEXT(M57,"MMMM") | AT57: =TEXT(M57,"YYYY") | AU57: =IF(OR(G57="Umum",G57=""),"",VLOOKUP(VALUE(TEXT(M57,"M")-1),AW:AY,3,FALSE)) | BA57: ='REGISTER SK'!F60 -> 0
A58: 57 | B58: ok | C58: =IF(G58="","",IF(G58="Umum",G58,VLOOKUP(F58,'Data Induk Pegawai'!B:AE,4,FALSE))) | D58: =IF('REGISTER SK'!A61="","",IF('REGISTER SK'!B61=0,D57,'REGISTER SK'!B61)) | E58: =IF(D58="","",D58&"/"&D58+1) | H58: =IF(F58="","",VLOOKUP(F58,'Data Induk Pegawai'!B:U,2,FALSE)) | I58: =IF('REGISTER SK'!C61="","",'REGISTER SK'!C61) | L58: =IF('REGISTER SK'!D61="","",'REGISTER SK'!D61) | M58: =IF('REGISTER SK'!E61="","",'REGISTER SK'!E61) | N58: =IF(G58="","",IF(OR(G58="GTT",G58="PTT"),"--",VLOOKUP(F58,'Data Induk Pegawai'!B:AE,4,FALSE))) | O58: Boyolali, 12 Juli 1984 | P58: =IF(G58="","",VLOOKUP(F58,'Data Induk Pegawai'!B:AE,7,FALSE)) | R58: =IF(G58="","","Nomor "&RIGHT(VLOOKUP(F58,'Data Induk Pegawai'!B:AE,12,FALSE),2)&" Tahun "&MID(VLOOKUP(F58,'Data Induk Pegawai'!B:AE,12,FALSE),5,4)) | S58: =IF(G58="","",VLOOKUP(F58,'Data Induk Pegawai'!B:AE,11,FALSE)) | U58: =IF(Y58="","",IF(Z58<1,AA58&" Bulan",IF(AND(Z58>0,AA58=0),Z58&" Tahun",Z58&" Tahun "&AA58&" Bulan"))) | W58: =V58&H58 | Y58: =IFERROR(IF(S58="","",DATEDIF(S58,M58,"M")),"?") | Z58: =IFERROR(IF(Y58="","",ROUNDDOWN(Y58/12,0)),"-") | AA58: =IFERROR(IF(Y58="","",Y58-Z58*12),"-") | AB58: =COUNTIFS(AC58:AC$596,AC58)&AC58 -> 539 | AC58: =IF(LEFT(V58,16)="SK Pemberhentian","OUT"&F58,IF(RIGHT(G58,2)="TT","GPTT",IF(RIGHT(G58,2)="TY","GPTY",G58))&F58) | AD58: =COUNTIFS(AC$2:AC58,AC58)&AC58 -> 57 | AE58: =IF(LEFT(V58,16)="SK Pemberhentian",E58&"OUT"&F58,E58&G58&F58) | AF58: =G58&"."&D58&"."&I58 -> .. | AG58: =L58 | AH58: =M58 | AI58: =IF(AG58="","",AJ58&" "&VLOOKUP(AK58,AX:AY,2,FALSE)&" "&AL58) | AJ58: =TEXT(AG58,"D") | AK58: =TEXT(AG58,"MMMM") | AL58: =TEXT(AG58,"YYYY") | AM58: =IF(AI58="","",AN58&" "&VLOOKUP(AO58,AX:AY,2,FALSE)&" "&AP58) | AN58: =TEXT(S58,"D") | AO58: =TEXT(S58,"MMMM") | AP58: =TEXT(S58,"YYYY") | AQ58: =IF(AM58="","",AR58&" "&VLOOKUP(AS58,AX:AY,2,FALSE)&" "&AT58) | AR58: =TEXT(M58,"D") | AS58: =TEXT(M58,"MMMM") | AT58: =TEXT(M58,"YYYY") | AU58: =IF(OR(G58="Umum",G58=""),"",VLOOKUP(VALUE(TEXT(M58,"M")-1),AW:AY,3,FALSE)) | BA58: ='REGISTER SK'!F61 -> 0
A59: 58 | B59: ok | C59: =IF(G59="","",IF(G59="Umum",G59,VLOOKUP(F59,'Data Induk Pegawai'!B:AE,4,FALSE))) | D59: =IF('REGISTER SK'!A62="","",IF('REGISTER SK'!B62=0,D58,'REGISTER SK'!B62)) | E59: =IF(D59="","",D59&"/"&D59+1) | H59: =IF(F59="","",VLOOKUP(F59,'Data Induk Pegawai'!B:U,2,FALSE)) | I59: =IF('REGISTER SK'!C62="","",'REGISTER SK'!C62) | L59: =IF('REGISTER SK'!D62="","",'REGISTER SK'!D62) | M59: =IF('REGISTER SK'!E62="","",'REGISTER SK'!E62) | N59: =IF(G59="","",IF(OR(G59="GTT",G59="PTT"),"--",VLOOKUP(F59,'Data Induk Pegawai'!B:AE,4,FALSE))) | O59: Pemalang, 2 September 1981 | P59: =IF(G59="","",VLOOKUP(F59,'Data Induk Pegawai'!B:AE,7,FALSE)) | R59: =IF(G59="","","Nomor "&RIGHT(VLOOKUP(F59,'Data Induk Pegawai'!B:AE,12,FALSE),2)&" Tahun "&MID(VLOOKUP(F59,'Data Induk Pegawai'!B:AE,12,FALSE),5,4)) | S59: =IF(G59="","",VLOOKUP(F59,'Data Induk Pegawai'!B:AE,11,FALSE)) | U59: =IF(Y59="","",IF(Z59<1,AA59&" Bulan",IF(AND(Z59>0,AA59=0),Z59&" Tahun",Z59&" Tahun "&AA59&" Bulan"))) | W59: =V59&H59 | Y59: =IFERROR(IF(S59="","",DATEDIF(S59,M59,"M")),"?") | Z59: =IFERROR(IF(Y59="","",ROUNDDOWN(Y59/12,0)),"-") | AA59: =IFERROR(IF(Y59="","",Y59-Z59*12),"-") | AB59: =COUNTIFS(AC59:AC$596,AC59)&AC59 -> 538 | AC59: =IF(LEFT(V59,16)="SK Pemberhentian","OUT"&F59,IF(RIGHT(G59,2)="TT","GPTT",IF(RIGHT(G59,2)="TY","GPTY",G59))&F59) | AD59: =COUNTIFS(AC$2:AC59,AC59)&AC59 -> 58 | AE59: =IF(LEFT(V59,16)="SK Pemberhentian",E59&"OUT"&F59,E59&G59&F59) | AF59: =G59&"."&D59&"."&I59 -> .. | AG59: =L59 | AH59: =M59 | AI59: =IF(AG59="","",AJ59&" "&VLOOKUP(AK59,AX:AY,2,FALSE)&" "&AL59) | AJ59: =TEXT(AG59,"D") | AK59: =TEXT(AG59,"MMMM") | AL59: =TEXT(AG59,"YYYY") | AM59: =IF(AI59="","",AN59&" "&VLOOKUP(AO59,AX:AY,2,FALSE)&" "&AP59) | AN59: =TEXT(S59,"D") | AO59: =TEXT(S59,"MMMM") | AP59: =TEXT(S59,"YYYY") | AQ59: =IF(AM59="","",AR59&" "&VLOOKUP(AS59,AX:AY,2,FALSE)&" "&AT59) | AR59: =TEXT(M59,"D") | AS59: =TEXT(M59,"MMMM") | AT59: =TEXT(M59,"YYYY") | AU59: =IF(OR(G59="Umum",G59=""),"",VLOOKUP(VALUE(TEXT(M59,"M")-1),AW:AY,3,FALSE)) | BA59: ='REGISTER SK'!F62 -> 0
A60: 59 | B60: ok | C60: =IF(G60="","",IF(G60="Umum",G60,VLOOKUP(F60,'Data Induk Pegawai'!B:AE,4,FALSE))) | D60: =IF('REGISTER SK'!A63="","",IF('REGISTER SK'!B63=0,D59,'REGISTER SK'!B63)) | E60: =IF(D60="","",D60&"/"&D60+1) | H60: =IF(F60="","",VLOOKUP(F60,'Data Induk Pegawai'!B:U,2,FALSE)) | I60: =IF('REGISTER SK'!C63="","",'REGISTER SK'!C63) | L60: =IF('REGISTER SK'!D63="","",'REGISTER SK'!D63) | M60: =IF('REGISTER SK'!E63="","",'REGISTER SK'!E63) | N60: =IF(G60="","",IF(OR(G60="GTT",G60="PTT"),"--",VLOOKUP(F60,'Data Induk Pegawai'!B:AE,4,FALSE))) | O60: Pemalang, 13 Februari 2003 | P60: =IF(G60="","",VLOOKUP(F60,'Data Induk Pegawai'!B:AE,7,FALSE)) | R60: =IF(G60="","","Nomor "&RIGHT(VLOOKUP(F60,'Data Induk Pegawai'!B:AE,12,FALSE),2)&" Tahun "&MID(VLOOKUP(F60,'Data Induk Pegawai'!B:AE,12,FALSE),5,4)) | S60: =IF(G60="","",VLOOKUP(F60,'Data Induk Pegawai'!B:AE,11,FALSE)) | U60: =IF(Y60="","",IF(Z60<1,AA60&" Bulan",IF(AND(Z60>0,AA60=0),Z60&" Tahun",Z60&" Tahun "&AA60&" Bulan"))) | W60: =V60&H60 | Y60: =IFERROR(IF(S60="","",DATEDIF(S60,M60,"M")),"?") | Z60: =IFERROR(IF(Y60="","",ROUNDDOWN(Y60/12,0)),"-") | AA60: =IFERROR(IF(Y60="","",Y60-Z60*12),"-") | AB60: =COUNTIFS(AC60:AC$596,AC60)&AC60 -> 537 | AC60: =IF(LEFT(V60,16)="SK Pemberhentian","OUT"&F60,IF(RIGHT(G60,2)="TT","GPTT",IF(RIGHT(G60,2)="TY","GPTY",G60))&F60) | AD60: =COUNTIFS(AC$2:AC60,AC60)&AC60 -> 59 | AE60: =IF(LEFT(V60,16)="SK Pemberhentian",E60&"OUT"&F60,E60&G60&F60) | AF60: =G60&"."&D60&"."&I60 -> .. | AG60: =L60 | AH60: =M60 | AI60: =IF(AG60="","",AJ60&" "&VLOOKUP(AK60,AX:AY,2,FALSE)&" "&AL60) | AJ60: =TEXT(AG60,"D") | AK60: =TEXT(AG60,"MMMM") | AL60: =TEXT(AG60,"YYYY") | AM60: =IF(AI60="","",AN60&" "&VLOOKUP(AO60,AX:AY,2,FALSE)&" "&AP60) | AN60: =TEXT(S60,"D") | AO60: =TEXT(S60,"MMMM") | AP60: =TEXT(S60,"YYYY") | AQ60: =IF(AM60="","",AR60&" "&VLOOKUP(AS60,AX:AY,2,FALSE)&" "&AT60) | AR60: =TEXT(M60,"D") | AS60: =TEXT(M60,"MMMM") | AT60: =TEXT(M60,"YYYY") | AU60: =IF(OR(G60="Umum",G60=""),"",VLOOKUP(VALUE(TEXT(M60,"M")-1),AW:AY,3,FALSE)) | BA60: ='REGISTER SK'!F63 -> 0
A61: 60 | B61: ok | C61: =IF(G61="","",IF(G61="Umum",G61,VLOOKUP(F61,'Data Induk Pegawai'!B:AE,4,FALSE))) | D61: =IF('REGISTER SK'!A64="","",IF('REGISTER SK'!B64=0,D60,'REGISTER SK'!B64)) | E61: =IF(D61="","",D61&"/"&D61+1) | H61: =IF(F61="","",VLOOKUP(F61,'Data Induk Pegawai'!B:U,2,FALSE)) | I61: =IF('REGISTER SK'!C64="","",'REGISTER SK'!C64) | L61: =IF('REGISTER SK'!D64="","",'REGISTER SK'!D64) | M61: =IF('REGISTER SK'!E64="","",'REGISTER SK'!E64) | N61: =IF(G61="","",IF(OR(G61="GTT",G61="PTT"),"--",VLOOKUP(F61,'Data Induk Pegawai'!B:AE,4,FALSE))) | O61: Pemalang, 29 Januari 1986 | P61: =IF(G61="","",VLOOKUP(F61,'Data Induk Pegawai'!B:AE,7,FALSE)) | R61: =IF(G61="","","Nomor "&RIGHT(VLOOKUP(F61,'Data Induk Pegawai'!B:AE,12,FALSE),2)&" Tahun "&MID(VLOOKUP(F61,'Data Induk Pegawai'!B:AE,12,FALSE),5,4)) | S61: =IF(G61="","",VLOOKUP(F61,'Data Induk Pegawai'!B:AE,11,FALSE)) | U61: =IF(Y61="","",IF(Z61<1,AA61&" Bulan",IF(AND(Z61>0,AA61=0),Z61&" Tahun",Z61&" Tahun "&AA61&" Bulan"))) | W61: =V61&H61 | Y61: =IFERROR(IF(S61="","",DATEDIF(S61,M61,"M")),"?") | Z61: =IFERROR(IF(Y61="","",ROUNDDOWN(Y61/12,0)),"-") | AA61: =IFERROR(IF(Y61="","",Y61-Z61*12),"-") | AB61: =COUNTIFS(AC61:AC$596,AC61)&AC61 -> 536 | AC61: =IF(LEFT(V61,16)="SK Pemberhentian","OUT"&F61,IF(RIGHT(G61,2)="TT","GPTT",IF(RIGHT(G61,2)="TY","GPTY",G61))&F61) | AD61: =COUNTIFS(AC$2:AC61,AC61)&AC61 -> 60 | AE61: =IF(LEFT(V61,16)="SK Pemberhentian",E61&"OUT"&F61,E61&G61&F61) | AF61: =G61&"."&D61&"."&I61 -> .. | AG61: =L61 | AH61: =M61 | AI61: =IF(AG61="","",AJ61&" "&VLOOKUP(AK61,AX:AY,2,FALSE)&" "&AL61) | AJ61: =TEXT(AG61,"D") | AK61: =TEXT(AG61,"MMMM") | AL61: =TEXT(AG61,"YYYY") | AM61: =IF(AI61="","",AN61&" "&VLOOKUP(AO61,AX:AY,2,FALSE)&" "&AP61) | AN61: =TEXT(S61,"D") | AO61: =TEXT(S61,"MMMM") | AP61: =TEXT(S61,"YYYY") | AQ61: =IF(AM61="","",AR61&" "&VLOOKUP(AS61,AX:AY,2,FALSE)&" "&AT61) | AR61: =TEXT(M61,"D") | AS61: =TEXT(M61,"MMMM") | AT61: =TEXT(M61,"YYYY") | AU61: =IF(OR(G61="Umum",G61=""),"",VLOOKUP(VALUE(TEXT(M61,"M")-1),AW:AY,3,FALSE)) | BA61: ='REGISTER SK'!F64 -> 0
A62: 61 | B62: ok | C62: =IF(G62="","",IF(G62="Umum",G62,VLOOKUP(F62,'Data Induk Pegawai'!B:AE,4,FALSE))) | D62: =IF('REGISTER SK'!A65="","",IF('REGISTER SK'!B65=0,D61,'REGISTER SK'!B65)) | E62: =IF(D62="","",D62&"/"&D62+1) | H62: =IF(F62="","",VLOOKUP(F62,'Data Induk Pegawai'!B:U,2,FALSE)) | I62: =IF('REGISTER SK'!C65="","",'REGISTER SK'!C65) | L62: =IF('REGISTER SK'!D65="","",'REGISTER SK'!D65) | M62: =IF('REGISTER SK'!E65="","",'REGISTER SK'!E65) | N62: =IF(G62="","",IF(OR(G62="GTT",G62="PTT"),"--",VLOOKUP(F62,'Data Induk Pegawai'!B:AE,4,FALSE))) | O62: Pemalang, 27 Agustus 1978 | P62: =IF(G62="","",VLOOKUP(F62,'Data Induk Pegawai'!B:AE,7,FALSE)) | R62: =IF(G62="","","Nomor "&RIGHT(VLOOKUP(F62,'Data Induk Pegawai'!B:AE,12,FALSE),2)&" Tahun "&MID(VLOOKUP(F62,'Data Induk Pegawai'!B:AE,12,FALSE),5,4)) | S62: =IF(G62="","",VLOOKUP(F62,'Data Induk Pegawai'!B:AE,11,FALSE)) | U62: =IF(Y62="","",IF(Z62<1,AA62&" Bulan",IF(AND(Z62>0,AA62=0),Z62&" Tahun",Z62&" Tahun "&AA62&" Bulan"))) | W62: =V62&H62 | Y62: =IFERROR(IF(S62="","",DATEDIF(S62,M62,"M")),"?") | Z62: =IFERROR(IF(Y62="","",ROUNDDOWN(Y62/12,0)),"-") | AA62: =IFERROR(IF(Y62="","",Y62-Z62*12),"-") | AB62: =COUNTIFS(AC62:AC$596,AC62)&AC62 -> 535 | AC62: =IF(LEFT(V62,16)="SK Pemberhentian","OUT"&F62,IF(RIGHT(G62,2)="TT","GPTT",IF(RIGHT(G62,2)="TY","GPTY",G62))&F62) | AD62: =COUNTIFS(AC$2:AC62,AC62)&AC62 -> 61 | AE62: =IF(LEFT(V62,16)="SK Pemberhentian",E62&"OUT"&F62,E62&G62&F62) | AF62: =G62&"."&D62&"."&I62 -> .. | AG62: =L62 | AH62: =M62 | AI62: =IF(AG62="","",AJ62&" "&VLOOKUP(AK62,AX:AY,2,FALSE)&" "&AL62) | AJ62: =TEXT(AG62,"D") | AK62: =TEXT(AG62,"MMMM") | AL62: =TEXT(AG62,"YYYY") | AM62: =IF(AI62="","",AN62&" "&VLOOKUP(AO62,AX:AY,2,FALSE)&" "&AP62) | AN62: =TEXT(S62,"D") | AO62: =TEXT(S62,"MMMM") | AP62: =TEXT(S62,"YYYY") | AQ62: =IF(AM62="","",AR62&" "&VLOOKUP(AS62,AX:AY,2,FALSE)&" "&AT62) | AR62: =TEXT(M62,"D") | AS62: =TEXT(M62,"MMMM") | AT62: =TEXT(M62,"YYYY") | AU62: =IF(OR(G62="Umum",G62=""),"",VLOOKUP(VALUE(TEXT(M62,"M")-1),AW:AY,3,FALSE)) | BA62: ='REGISTER SK'!F65 -> 0
A63: 62 | B63: ok | C63: =IF(G63="","",IF(G63="Umum",G63,VLOOKUP(F63,'Data Induk Pegawai'!B:AE,4,FALSE))) | D63: =IF('REGISTER SK'!A66="","",IF('REGISTER SK'!B66=0,D62,'REGISTER SK'!B66)) | E63: =IF(D63="","",D63&"/"&D63+1) | H63: =IF(F63="","",VLOOKUP(F63,'Data Induk Pegawai'!B:U,2,FALSE)) | I63: =IF('REGISTER SK'!C66="","",'REGISTER SK'!C66) | L63: =IF('REGISTER SK'!D66="","",'REGISTER SK'!D66) | M63: =IF('REGISTER SK'!E66="","",'REGISTER SK'!E66) | N63: =IF(G63="","",IF(OR(G63="GTT",G63="PTT"),"--",VLOOKUP(F63,'Data Induk Pegawai'!B:AE,4,FALSE))) | O63: Pekalongan, 12 Januari 1998 | P63: =IF(G63="","",VLOOKUP(F63,'Data Induk Pegawai'!B:AE,7,FALSE)) | R63: =IF(G63="","","Nomor "&RIGHT(VLOOKUP(F63,'Data Induk Pegawai'!B:AE,12,FALSE),2)&" Tahun "&MID(VLOOKUP(F63,'Data Induk Pegawai'!B:AE,12,FALSE),5,4)) | S63: =IF(G63="","",VLOOKUP(F63,'Data Induk Pegawai'!B:AE,11,FALSE)) | U63: =IF(Y63="","",IF(Z63<1,AA63&" Bulan",IF(AND(Z63>0,AA63=0),Z63&" Tahun",Z63&" Tahun "&AA63&" Bulan"))) | W63: =V63&H63 | Y63: =IFERROR(IF(S63="","",DATEDIF(S63,M63,"M")),"?") | Z63: =IFERROR(IF(Y63="","",ROUNDDOWN(Y63/12,0)),"-") | AA63: =IFERROR(IF(Y63="","",Y63-Z63*12),"-") | AB63: =COUNTIFS(AC63:AC$596,AC63)&AC63 -> 534 | AC63: =IF(LEFT(V63,16)="SK Pemberhentian","OUT"&F63,IF(RIGHT(G63,2)="TT","GPTT",IF(RIGHT(G63,2)="TY","GPTY",G63))&F63) | AD63: =COUNTIFS(AC$2:AC63,AC63)&AC63 -> 62 | AE63: =IF(LEFT(V63,16)="SK Pemberhentian",E63&"OUT"&F63,E63&G63&F63) | AF63: =G63&"."&D63&"."&I63 -> .. | AG63: =L63 | AH63: =M63 | AI63: =IF(AG63="","",AJ63&" "&VLOOKUP(AK63,AX:AY,2,FALSE)&" "&AL63) | AJ63: =TEXT(AG63,"D") | AK63: =TEXT(AG63,"MMMM") | AL63: =TEXT(AG63,"YYYY") | AM63: =IF(AI63="","",AN63&" "&VLOOKUP(AO63,AX:AY,2,FALSE)&" "&AP63) | AN63: =TEXT(S63,"D") | AO63: =TEXT(S63,"MMMM") | AP63: =TEXT(S63,"YYYY") | AQ63: =IF(AM63="","",AR63&" "&VLOOKUP(AS63,AX:AY,2,FALSE)&" "&AT63) | AR63: =TEXT(M63,"D") | AS63: =TEXT(M63,"MMMM") | AT63: =TEXT(M63,"YYYY") | AU63: =IF(OR(G63="Umum",G63=""),"",VLOOKUP(VALUE(TEXT(M63,"M")-1),AW:AY,3,FALSE)) | BA63: ='REGISTER SK'!F66 -> 0
A64: 63 | B64: ok | C64: =IF(G64="","",IF(G64="Umum",G64,VLOOKUP(F64,'Data Induk Pegawai'!B:AE,4,FALSE))) | D64: =IF('REGISTER SK'!A67="","",IF('REGISTER SK'!B67=0,D63,'REGISTER SK'!B67)) | E64: =IF(D64="","",D64&"/"&D64+1) | H64: =IF(F64="","",VLOOKUP(F64,'Data Induk Pegawai'!B:U,2,FALSE)) | I64: =IF('REGISTER SK'!C67="","",'REGISTER SK'!C67) | L64: =IF('REGISTER SK'!D67="","",'REGISTER SK'!D67) | M64: =IF('REGISTER SK'!E67="","",'REGISTER SK'!E67) | N64: =IF(G64="","",IF(OR(G64="GTT",G64="PTT"),"--",VLOOKUP(F64,'Data Induk Pegawai'!B:AE,4,FALSE))) | O64: Pemalang, 22 September 1991 | P64: =IF(G64="","",VLOOKUP(F64,'Data Induk Pegawai'!B:AE,7,FALSE)) | R64: =IF(G64="","","Nomor "&RIGHT(VLOOKUP(F64,'Data Induk Pegawai'!B:AE,12,FALSE),2)&" Tahun "&MID(VLOOKUP(F64,'Data Induk Pegawai'!B:AE,12,FALSE),5,4)) | S64: =IF(G64="","",VLOOKUP(F64,'Data Induk Pegawai'!B:AE,11,FALSE)) | U64: =IF(Y64="","",IF(Z64<1,AA64&" Bulan",IF(AND(Z64>0,AA64=0),Z64&" Tahun",Z64&" Tahun "&AA64&" Bulan"))) | W64: =V64&H64 | Y64: =IFERROR(IF(S64="","",DATEDIF(S64,M64,"M")),"?") | Z64: =IFERROR(IF(Y64="","",ROUNDDOWN(Y64/12,0)),"-") | AA64: =IFERROR(IF(Y64="","",Y64-Z64*12),"-") | AB64: =COUNTIFS(AC64:AC$596,AC64)&AC64 -> 533 | AC64: =IF(LEFT(V64,16)="SK Pemberhentian","OUT"&F64,IF(RIGHT(G64,2)="TT","GPTT",IF(RIGHT(G64,2)="TY","GPTY",G64))&F64) | AD64: =COUNTIFS(AC$2:AC64,AC64)&AC64 -> 63 | AE64: =IF(LEFT(V64,16)="SK Pemberhentian",E64&"OUT"&F64,E64&G64&F64) | AF64: =G64&"."&D64&"."&I64 -> .. | AG64: =L64 | AH64: =M64 | AI64: =IF(AG64="","",AJ64&" "&VLOOKUP(AK64,AX:AY,2,FALSE)&" "&AL64) | AJ64: =TEXT(AG64,"D") | AK64: =TEXT(AG64,"MMMM") | AL64: =TEXT(AG64,"YYYY") | AM64: =IF(AI64="","",AN64&" "&VLOOKUP(AO64,AX:AY,2,FALSE)&" "&AP64) | AN64: =TEXT(S64,"D") | AO64: =TEXT(S64,"MMMM") | AP64: =TEXT(S64,"YYYY") | AQ64: =IF(AM64="","",AR64&" "&VLOOKUP(AS64,AX:AY,2,FALSE)&" "&AT64) | AR64: =TEXT(M64,"D") | AS64: =TEXT(M64,"MMMM") | AT64: =TEXT(M64,"YYYY") | AU64: =IF(OR(G64="Umum",G64=""),"",VLOOKUP(VALUE(TEXT(M64,"M")-1),AW:AY,3,FALSE)) | BA64: ='REGISTER SK'!F67 -> 0
A65: 64 | B65: ok | C65: =IF(G65="","",IF(G65="Umum",G65,VLOOKUP(F65,'Data Induk Pegawai'!B:AE,4,FALSE))) | D65: =IF('REGISTER SK'!A68="","",IF('REGISTER SK'!B68=0,D64,'REGISTER SK'!B68)) | E65: =IF(D65="","",D65&"/"&D65+1) | H65: =IF(F65="","",VLOOKUP(F65,'Data Induk Pegawai'!B:U,2,FALSE)) | I65: =IF('REGISTER SK'!C68="","",'REGISTER SK'!C68) | L65: =IF('REGISTER SK'!D68="","",'REGISTER SK'!D68) | M65: =IF('REGISTER SK'!E68="","",'REGISTER SK'!E68) | N65: =IF(G65="","",IF(OR(G65="GTT",G65="PTT"),"--",VLOOKUP(F65,'Data Induk Pegawai'!B:AE,4,FALSE))) | O65: Pemalang, 13 November 1982 | P65: =IF(G65="","",VLOOKUP(F65,'Data Induk Pegawai'!B:AE,7,FALSE)) | R65: =IF(G65="","","Nomor "&RIGHT(VLOOKUP(F65,'Data Induk Pegawai'!B:AE,12,FALSE),2)&" Tahun "&MID(VLOOKUP(F65,'Data Induk Pegawai'!B:AE,12,FALSE),5,4)) | S65: =IF(G65="","",VLOOKUP(F65,'Data Induk Pegawai'!B:AE,11,FALSE)) | U65: =IF(Y65="","",IF(Z65<1,AA65&" Bulan",IF(AND(Z65>0,AA65=0),Z65&" Tahun",Z65&" Tahun "&AA65&" Bulan"))) | W65: =V65&H65 | Y65: =IFERROR(IF(S65="","",DATEDIF(S65,M65,"M")),"?") | Z65: =IFERROR(IF(Y65="","",ROUNDDOWN(Y65/12,0)),"-") | AA65: =IFERROR(IF(Y65="","",Y65-Z65*12),"-") | AB65: =COUNTIFS(AC65:AC$596,AC65)&AC65 -> 532 | AC65: =IF(LEFT(V65,16)="SK Pemberhentian","OUT"&F65,IF(RIGHT(G65,2)="TT","GPTT",IF(RIGHT(G65,2)="TY","GPTY",G65))&F65) | AD65: =COUNTIFS(AC$2:AC65,AC65)&AC65 -> 64 | AE65: =IF(LEFT(V65,16)="SK Pemberhentian",E65&"OUT"&F65,E65&G65&F65) | AF65: =G65&"."&D65&"."&I65 -> .. | AG65: =L65 | AH65: =M65 | AI65: =IF(AG65="","",AJ65&" "&VLOOKUP(AK65,AX:AY,2,FALSE)&" "&AL65) | AJ65: =TEXT(AG65,"D") | AK65: =TEXT(AG65,"MMMM") | AL65: =TEXT(AG65,"YYYY") | AM65: =IF(AI65="","",AN65&" "&VLOOKUP(AO65,AX:AY,2,FALSE)&" "&AP65) | AN65: =TEXT(S65,"D") | AO65: =TEXT(S65,"MMMM") | AP65: =TEXT(S65,"YYYY") | AQ65: =IF(AM65="","",AR65&" "&VLOOKUP(AS65,AX:AY,2,FALSE)&" "&AT65) | AR65: =TEXT(M65,"D") | AS65: =TEXT(M65,"MMMM") | AT65: =TEXT(M65,"YYYY") | AU65: =IF(OR(G65="Umum",G65=""),"",VLOOKUP(VALUE(TEXT(M65,"M")-1),AW:AY,3,FALSE)) | BA65: ='REGISTER SK'!F68 -> 0
A66: 65 | B66: ok | C66: =IF(G66="","",IF(G66="Umum",G66,VLOOKUP(F66,'Data Induk Pegawai'!B:AE,4,FALSE))) | D66: =IF('REGISTER SK'!A69="","",IF('REGISTER SK'!B69=0,D65,'REGISTER SK'!B69)) | E66: =IF(D66="","",D66&"/"&D66+1) | H66: =IF(F66="","",VLOOKUP(F66,'Data Induk Pegawai'!B:U,2,FALSE)) | I66: =IF('REGISTER SK'!C69="","",'REGISTER SK'!C69) | L66: =IF('REGISTER SK'!D69="","",'REGISTER SK'!D69) | M66: =IF('REGISTER SK'!E69="","",'REGISTER SK'!E69) | N66: =IF(G66="","",IF(OR(G66="GTT",G66="PTT"),"--",VLOOKUP(F66,'Data Induk Pegawai'!B:AE,4,FALSE))) | O66: Pemalang, 14 September 1988 | P66: =IF(G66="","",VLOOKUP(F66,'Data Induk Pegawai'!B:AE,7,FALSE)) | R66: =IF(G66="","","Nomor "&RIGHT(VLOOKUP(F66,'Data Induk Pegawai'!B:AE,12,FALSE),2)&" Tahun "&MID(VLOOKUP(F66,'Data Induk Pegawai'!B:AE,12,FALSE),5,4)) | S66: =IF(G66="","",VLOOKUP(F66,'Data Induk Pegawai'!B:AE,11,FALSE)) | U66: =IF(Y66="","",IF(Z66<1,AA66&" Bulan",IF(AND(Z66>0,AA66=0),Z66&" Tahun",Z66&" Tahun "&AA66&" Bulan"))) | W66: =V66&H66 | Y66: =IFERROR(IF(S66="","",DATEDIF(S66,M66,"M")),"?") | Z66: =IFERROR(IF(Y66="","",ROUNDDOWN(Y66/12,0)),"-") | AA66: =IFERROR(IF(Y66="","",Y66-Z66*12),"-") | AB66: =COUNTIFS(AC66:AC$596,AC66)&AC66 -> 531 | AC66: =IF(LEFT(V66,16)="SK Pemberhentian","OUT"&F66,IF(RIGHT(G66,2)="TT","GPTT",IF(RIGHT(G66,2)="TY","GPTY",G66))&F66) | AD66: =COUNTIFS(AC$2:AC66,AC66)&AC66 -> 65 | AE66: =IF(LEFT(V66,16)="SK Pemberhentian",E66&"OUT"&F66,E66&G66&F66) | AF66: =G66&"."&D66&"."&I66 -> .. | AG66: =L66 | AH66: =M66 | AI66: =IF(AG66="","",AJ66&" "&VLOOKUP(AK66,AX:AY,2,FALSE)&" "&AL66) | AJ66: =TEXT(AG66,"D") | AK66: =TEXT(AG66,"MMMM") | AL66: =TEXT(AG66,"YYYY") | AM66: =IF(AI66="","",AN66&" "&VLOOKUP(AO66,AX:AY,2,FALSE)&" "&AP66) | AN66: =TEXT(S66,"D") | AO66: =TEXT(S66,"MMMM") | AP66: =TEXT(S66,"YYYY") | AQ66: =IF(AM66="","",AR66&" "&VLOOKUP(AS66,AX:AY,2,FALSE)&" "&AT66) | AR66: =TEXT(M66,"D") | AS66: =TEXT(M66,"MMMM") | AT66: =TEXT(M66,"YYYY") | AU66: =IF(OR(G66="Umum",G66=""),"",VLOOKUP(VALUE(TEXT(M66,"M")-1),AW:AY,3,FALSE)) | BA66: ='REGISTER SK'!F69 -> 0
A67: 66 | B67: ok | C67: =IF(G67="","",IF(G67="Umum",G67,VLOOKUP(F67,'Data Induk Pegawai'!B:AE,4,FALSE))) | D67: =IF('REGISTER SK'!A70="","",IF('REGISTER SK'!B70=0,D66,'REGISTER SK'!B70)) | E67: =IF(D67="","",D67&"/"&D67+1) | H67: =IF(F67="","",VLOOKUP(F67,'Data Induk Pegawai'!B:U,2,FALSE)) | I67: =IF('REGISTER SK'!C70="","",'REGISTER SK'!C70) | L67: =IF('REGISTER SK'!D70="","",'REGISTER SK'!D70) | M67: =IF('REGISTER SK'!E70="","",'REGISTER SK'!E70) | N67: =IF(G67="","",IF(OR(G67="GTT",G67="PTT"),"--",VLOOKUP(F67,'Data Induk Pegawai'!B:AE,4,FALSE))) | O67: Pemalang, 17 Mei 1979 | P67: =IF(G67="","",VLOOKUP(F67,'Data Induk Pegawai'!B:AE,7,FALSE)) | R67: =IF(G67="","","Nomor "&RIGHT(VLOOKUP(F67,'Data Induk Pegawai'!B:AE,12,FALSE),2)&" Tahun "&MID(VLOOKUP(F67,'Data Induk Pegawai'!B:AE,12,FALSE),5,4)) | S67: =IF(G67="","",VLOOKUP(F67,'Data Induk Pegawai'!B:AE,11,FALSE)) | U67: =IF(Y67="","",IF(Z67<1,AA67&" Bulan",IF(AND(Z67>0,AA67=0),Z67&" Tahun",Z67&" Tahun "&AA67&" Bulan"))) | W67: =V67&H67 | Y67: =IFERROR(IF(S67="","",DATEDIF(S67,M67,"M")),"?") | Z67: =IFERROR(IF(Y67="","",ROUNDDOWN(Y67/12,0)),"-") | AA67: =IFERROR(IF(Y67="","",Y67-Z67*12),"-") | AB67: =COUNTIFS(AC67:AC$596,AC67)&AC67 -> 530 | AC67: =IF(LEFT(V67,16)="SK Pemberhentian","OUT"&F67,IF(RIGHT(G67,2)="TT","GPTT",IF(RIGHT(G67,2)="TY","GPTY",G67))&F67) | AD67: =COUNTIFS(AC$2:AC67,AC67)&AC67 -> 66 | AE67: =IF(LEFT(V67,16)="SK Pemberhentian",E67&"OUT"&F67,E67&G67&F67) | AF67: =G67&"."&D67&"."&I67 -> .. | AG67: =L67 | AH67: =M67 | AI67: =IF(AG67="","",AJ67&" "&VLOOKUP(AK67,AX:AY,2,FALSE)&" "&AL67) | AJ67: =TEXT(AG67,"D") | AK67: =TEXT(AG67,"MMMM") | AL67: =TEXT(AG67,"YYYY") | AM67: =IF(AI67="","",AN67&" "&VLOOKUP(AO67,AX:AY,2,FALSE)&" "&AP67) | AN67: =TEXT(S67,"D") | AO67: =TEXT(S67,"MMMM") | AP67: =TEXT(S67,"YYYY") | AQ67: =IF(AM67="","",AR67&" "&VLOOKUP(AS67,AX:AY,2,FALSE)&" "&AT67) | AR67: =TEXT(M67,"D") | AS67: =TEXT(M67,"MMMM") | AT67: =TEXT(M67,"YYYY") | AU67: =IF(OR(G67="Umum",G67=""),"",VLOOKUP(VALUE(TEXT(M67,"M")-1),AW:AY,3,FALSE)) | BA67: ='REGISTER SK'!F70 -> 0
A68: 67 | B68: ok | C68: =IF(G68="","",IF(G68="Umum",G68,VLOOKUP(F68,'Data Induk Pegawai'!B:AE,4,FALSE))) | D68: =IF('REGISTER SK'!A71="","",IF('REGISTER SK'!B71=0,D67,'REGISTER SK'!B71)) | E68: =IF(D68="","",D68&"/"&D68+1) | H68: =IF(F68="","",VLOOKUP(F68,'Data Induk Pegawai'!B:U,2,FALSE)) | I68: =IF('REGISTER SK'!C71="","",'REGISTER SK'!C71) | L68: =IF('REGISTER SK'!D71="","",'REGISTER SK'!D71) | M68: =IF('REGISTER SK'!E71="","",'REGISTER SK'!E71) | N68: =IF(G68="","",IF(OR(G68="GTT",G68="PTT"),"--",VLOOKUP(F68,'Data Induk Pegawai'!B:AE,4,FALSE))) | O68: Pemalang, 29 Januari 1986 | P68: =IF(G68="","",VLOOKUP(F68,'Data Induk Pegawai'!B:AE,7,FALSE)) | R68: =IF(G68="","","Nomor "&RIGHT(VLOOKUP(F68,'Data Induk Pegawai'!B:AE,12,FALSE),2)&" Tahun "&MID(VLOOKUP(F68,'Data Induk Pegawai'!B:AE,12,FALSE),5,4)) | S68: =IF(G68="","",VLOOKUP(F68,'Data Induk Pegawai'!B:AE,11,FALSE)) | U68: =IF(Y68="","",IF(Z68<1,AA68&" Bulan",IF(AND(Z68>0,AA68=0),Z68&" Tahun",Z68&" Tahun "&AA68&" Bulan"))) | W68: =V68&H68 | Y68: =IFERROR(IF(S68="","",DATEDIF(S68,M68,"M")),"?") | Z68: =IFERROR(IF(Y68="","",ROUNDDOWN(Y68/12,0)),"-") | AA68: =IFERROR(IF(Y68="","",Y68-Z68*12),"-") | AB68: =COUNTIFS(AC68:AC$596,AC68)&AC68 -> 529 | AC68: =IF(LEFT(V68,16)="SK Pemberhentian","OUT"&F68,IF(RIGHT(G68,2)="TT","GPTT",IF(RIGHT(G68,2)="TY","GPTY",G68))&F68) | AD68: =COUNTIFS(AC$2:AC68,AC68)&AC68 -> 67 | AE68: =IF(LEFT(V68,16)="SK Pemberhentian",E68&"OUT"&F68,E68&G68&F68) | AF68: =G68&"."&D68&"."&I68 -> .. | AG68: =L68 | AH68: =M68 | AI68: =IF(AG68="","",AJ68&" "&VLOOKUP(AK68,AX:AY,2,FALSE)&" "&AL68) | AJ68: =TEXT(AG68,"D") | AK68: =TEXT(AG68,"MMMM") | AL68: =TEXT(AG68,"YYYY") | AM68: =IF(AI68="","",AN68&" "&VLOOKUP(AO68,AX:AY,2,FALSE)&" "&AP68) | AN68: =TEXT(S68,"D") | AO68: =TEXT(S68,"MMMM") | AP68: =TEXT(S68,"YYYY") | AQ68: =IF(AM68="","",AR68&" "&VLOOKUP(AS68,AX:AY,2,FALSE)&" "&AT68) | AR68: =TEXT(M68,"D") | AS68: =TEXT(M68,"MMMM") | AT68: =TEXT(M68,"YYYY") | AU68: =IF(OR(G68="Umum",G68=""),"",VLOOKUP(VALUE(TEXT(M68,"M")-1),AW:AY,3,FALSE)) | BA68: ='REGISTER SK'!F71 -> 0
A69: 68 | B69: ok | C69: =IF(G69="","",IF(G69="Umum",G69,VLOOKUP(F69,'Data Induk Pegawai'!B:AE,4,FALSE))) | D69: =IF('REGISTER SK'!A72="","",IF('REGISTER SK'!B72=0,D68,'REGISTER SK'!B72)) | E69: =IF(D69="","",D69&"/"&D69+1) | H69: =IF(F69="","",VLOOKUP(F69,'Data Induk Pegawai'!B:U,2,FALSE)) | I69: =IF('REGISTER SK'!C72="","",'REGISTER SK'!C72) | L69: =IF('REGISTER SK'!D72="","",'REGISTER SK'!D72) | M69: =IF('REGISTER SK'!E72="","",'REGISTER SK'!E72) | N69: =IF(G69="","",IF(OR(G69="GTT",G69="PTT"),"--",VLOOKUP(F69,'Data Induk Pegawai'!B:AE,4,FALSE))) | O69: Pemalang, 27 Agustus 1978 | P69: =IF(G69="","",VLOOKUP(F69,'Data Induk Pegawai'!B:AE,7,FALSE)) | R69: =IF(G69="","","Nomor "&RIGHT(VLOOKUP(F69,'Data Induk Pegawai'!B:AE,12,FALSE),2)&" Tahun "&MID(VLOOKUP(F69,'Data Induk Pegawai'!B:AE,12,FALSE),5,4)) | S69: =IF(G69="","",VLOOKUP(F69,'Data Induk Pegawai'!B:AE,11,FALSE)) | U69: =IF(Y69="","",IF(Z69<1,AA69&" Bulan",IF(AND(Z69>0,AA69=0),Z69&" Tahun",Z69&" Tahun "&AA69&" Bulan"))) | W69: =V69&H69 | Y69: =IFERROR(IF(S69="","",DATEDIF(S69,M69,"M")),"?") | Z69: =IFERROR(IF(Y69="","",ROUNDDOWN(Y69/12,0)),"-") | AA69: =IFERROR(IF(Y69="","",Y69-Z69*12),"-") | AB69: =COUNTIFS(AC69:AC$596,AC69)&AC69 -> 528 | AC69: =IF(LEFT(V69,16)="SK Pemberhentian","OUT"&F69,IF(RIGHT(G69,2)="TT","GPTT",IF(RIGHT(G69,2)="TY","GPTY",G69))&F69) | AD69: =COUNTIFS(AC$2:AC69,AC69)&AC69 -> 68 | AE69: =IF(LEFT(V69,16)="SK Pemberhentian",E69&"OUT"&F69,E69&G69&F69) | AF69: =G69&"."&D69&"."&I69 -> .. | AG69: =L69 | AH69: =M69 | AI69: =IF(AG69="","",AJ69&" "&VLOOKUP(AK69,AX:AY,2,FALSE)&" "&AL69) | AJ69: =TEXT(AG69,"D") | AK69: =TEXT(AG69,"MMMM") | AL69: =TEXT(AG69,"YYYY") | AM69: =IF(AI69="","",AN69&" "&VLOOKUP(AO69,AX:AY,2,FALSE)&" "&AP69) | AN69: =TEXT(S69,"D") | AO69: =TEXT(S69,"MMMM") | AP69: =TEXT(S69,"YYYY") | AQ69: =IF(AM69="","",AR69&" "&VLOOKUP(AS69,AX:AY,2,FALSE)&" "&AT69) | AR69: =TEXT(M69,"D") | AS69: =TEXT(M69,"MMMM") | AT69: =TEXT(M69,"YYYY") | AU69: =IF(OR(G69="Umum",G69=""),"",VLOOKUP(VALUE(TEXT(M69,"M")-1),AW:AY,3,FALSE)) | BA69: ='REGISTER SK'!F72 -> 0
... A80: 79 | B80: ok | C80: =IF(G80="","",IF(G80="Umum",G80,VLOOKUP(F80,'Data Induk Pegawai'!B:AE,4,FALSE))) | D80: =IF('REGISTER SK'!A83="","",IF('REGISTER SK'!B83=0,D79,'REGISTER SK'!B83)) | E80: =IF(D80="","",D80&"/"&D80+1) | H80: =IF(F80="","",VLOOKUP(F80,'Data Induk Pegawai'!B:U,2,FALSE)) | I80: =IF('REGISTER SK'!C83="","",'REGISTER SK'!C83) | L80: =IF('REGISTER SK'!D83="","",'REGISTER SK'!D83) | M80: =IF('REGISTER SK'!E83="","",'REGISTER SK'!E83) | N80: =IF(G80="","",IF(OR(G80="GTT",G80="PTT"),"--",VLOOKUP(F80,'Data Induk Pegawai'!B:AE,4,FALSE))) | O80: Pemalang, 8 Mei 1995 | P80: =IF(G80="","",VLOOKUP(F80,'Data Induk Pegawai'!B:AE,7,FALSE)) | R80: =IF(G80="","","Nomor "&RIGHT(VLOOKUP(F80,'Data Induk Pegawai'!B:AE,12,FALSE),2)&" Tahun "&MID(VLOOKUP(F80,'Data Induk Pegawai'!B:AE,12,FALSE),5,4)) | S80: =IF(G80="","",VLOOKUP(F80,'Data Induk Pegawai'!B:AE,11,FALSE)) | U80: =IF(Y80="","",IF(Z80<1,AA80&" Bulan",IF(AND(Z80>0,AA80=0),Z80&" Tahun",Z80&" Tahun "&AA80&" Bulan"))) | W80: =V80&H80 | Y80: =IFERROR(IF(S80="","",DATEDIF(S80,M80,"M")),"?") | Z80: =IFERROR(IF(Y80="","",ROUNDDOWN(Y80/12,0)),"-") | AA80: =IFERROR(IF(Y80="","",Y80-Z80*12),"-") | AB80: =COUNTIFS(AC80:AC$596,AC80)&AC80 -> 517 | AC80: =IF(LEFT(V80,16)="SK Pemberhentian","OUT"&F80,IF(RIGHT(G80,2)="TT","GPTT",IF(RIGHT(G80,2)="TY","GPTY",G80))&F80) | AD80: =COUNTIFS(AC$2:AC80,AC80)&AC80 -> 79 | AE80: =IF(LEFT(V80,16)="SK Pemberhentian",E80&"OUT"&F80,E80&G80&F80) | AF80: =G80&"."&D80&"."&I80 -> .. | AG80: =L80 | AH80: =M80 | AI80: =IF(AG80="","",AJ80&" "&VLOOKUP(AK80,AX:AY,2,FALSE)&" "&AL80) | AJ80: =TEXT(AG80,"D") | AK80: =TEXT(AG80,"MMMM") | AL80: =TEXT(AG80,"YYYY") | AM80: =IF(AI80="","",AN80&" "&VLOOKUP(AO80,AX:AY,2,FALSE)&" "&AP80) | AN80: =TEXT(S80,"D") | AO80: =TEXT(S80,"MMMM") | AP80: =TEXT(S80,"YYYY") | AQ80: =IF(AM80="","",AR80&" "&VLOOKUP(AS80,AX:AY,2,FALSE)&" "&AT80) | AR80: =TEXT(M80,"D") | AS80: =TEXT(M80,"MMMM") | AT80: =TEXT(M80,"YYYY") | AU80: =IF(OR(G80="Umum",G80=""),"",VLOOKUP(VALUE(TEXT(M80,"M")-1),AW:AY,3,FALSE)) | BA80: ='REGISTER SK'!F83 -> 0
A81: 80 | C81: =IF(G81="","",IF(G81="Umum",G81,VLOOKUP(F81,'Data Induk Pegawai'!B:AE,4,FALSE))) | D81: =IF('REGISTER SK'!A84="","",IF('REGISTER SK'!B84=0,D80,'REGISTER SK'!B84)) | E81: =IF(D81="","",D81&"/"&D81+1) | H81: =IF(F81="","",VLOOKUP(F81,'Data Induk Pegawai'!B:U,2,FALSE)) | I81: =IF('REGISTER SK'!C84="","",'REGISTER SK'!C84) | L81: =IF('REGISTER SK'!D84="","",'REGISTER SK'!D84) | M81: =IF('REGISTER SK'!E84="","",'REGISTER SK'!E84) | N81: =IF(G81="","",IF(OR(G81="GTT",G81="PTT"),"--",VLOOKUP(F81,'Data Induk Pegawai'!B:AE,4,FALSE))) | P81: =IF(G81="","",VLOOKUP(F81,'Data Induk Pegawai'!B:AE,7,FALSE)) | R81: =IF(G81="","","Nomor "&RIGHT(VLOOKUP(F81,'Data Induk Pegawai'!B:AE,12,FALSE),2)&" Tahun "&MID(VLOOKUP(F81,'Data Induk Pegawai'!B:AE,12,FALSE),5,4)) | S81: =IF(G81="","",VLOOKUP(F81,'Data Induk Pegawai'!B:AE,11,FALSE)) | U81: =IF(Y81="","",IF(Z81<1,AA81&" Bulan",IF(AND(Z81>0,AA81=0),Z81&" Tahun",Z81&" Tahun "&AA81&" Bulan"))) | W81: =V81&H81 | Y81: =IFERROR(IF(S81="","",DATEDIF(S81,M81,"M")),"?") | Z81: =IFERROR(IF(Y81="","",ROUNDDOWN(Y81/12,0)),"-") | AA81: =IFERROR(IF(Y81="","",Y81-Z81*12),"-") | AB81: =COUNTIFS(AC81:AC$596,AC81)&AC81 -> 516 | AC81: =IF(LEFT(V81,16)="SK Pemberhentian","OUT"&F81,IF(RIGHT(G81,2)="TT","GPTT",IF(RIGHT(G81,2)="TY","GPTY",G81))&F81) | AD81: =COUNTIFS(AC$2:AC81,AC81)&AC81 -> 80 | AE81: =IF(LEFT(V81,16)="SK Pemberhentian",E81&"OUT"&F81,E81&G81&F81) | AF81: =G81&"."&D81&"."&I81 -> .. | AG81: =L81 | AH81: =M81 | AI81: =IF(AG81="","",AJ81&" "&VLOOKUP(AK81,AX:AY,2,FALSE)&" "&AL81) | AJ81: =TEXT(AG81,"D") | AK81: =TEXT(AG81,"MMMM") | AL81: =TEXT(AG81,"YYYY") | AM81: =IF(AI81="","",AN81&" "&VLOOKUP(AO81,AX:AY,2,FALSE)&" "&AP81) | AN81: =TEXT(S81,"D") | AO81: =TEXT(S81,"MMMM") | AP81: =TEXT(S81,"YYYY") | AQ81: =IF(AM81="","",AR81&" "&VLOOKUP(AS81,AX:AY,2,FALSE)&" "&AT81) | AR81: =TEXT(M81,"D") | AS81: =TEXT(M81,"MMMM") | AT81: =TEXT(M81,"YYYY") | AU81: =IF(OR(G81="Umum",G81=""),"",VLOOKUP(VALUE(TEXT(M81,"M")-1),AW:AY,3,FALSE)) | BA81: ='REGISTER SK'!F84 -> 0
A82: 81 | B82: ok | C82: =IF(G82="","",IF(G82="Umum",G82,VLOOKUP(F82,'Data Induk Pegawai'!B:AE,4,FALSE))) | D82: =IF('REGISTER SK'!A85="","",IF('REGISTER SK'!B85=0,D81,'REGISTER SK'!B85)) | E82: =IF(D82="","",D82&"/"&D82+1) | H82: =IF(F82="","",VLOOKUP(F82,'Data Induk Pegawai'!B:U,2,FALSE)) | I82: =IF('REGISTER SK'!C85="","",'REGISTER SK'!C85) | L82: =IF('REGISTER SK'!D85="","",'REGISTER SK'!D85) | M82: =IF('REGISTER SK'!E85="","",'REGISTER SK'!E85) | N82: =IF(G82="","",IF(OR(G82="GTT",G82="PTT"),"--",VLOOKUP(F82,'Data Induk Pegawai'!B:AE,4,FALSE))) | O82: Pemalang, 14 September 1988 | P82: =IF(G82="","",VLOOKUP(F82,'Data Induk Pegawai'!B:AE,7,FALSE)) | R82: =IF(G82="","","Nomor "&RIGHT(VLOOKUP(F82,'Data Induk Pegawai'!B:AE,12,FALSE),2)&" Tahun "&MID(VLOOKUP(F82,'Data Induk Pegawai'!B:AE,12,FALSE),5,4)) | S82: =IF(G82="","",VLOOKUP(F82,'Data Induk Pegawai'!B:AE,11,FALSE)) | U82: =IF(Y82="","",IF(Z82<1,AA82&" Bulan",IF(AND(Z82>0,AA82=0),Z82&" Tahun",Z82&" Tahun "&AA82&" Bulan"))) | W82: =V82&H82 | Y82: =IFERROR(IF(S82="","",DATEDIF(S82,M82,"M")),"?") | Z82: =IFERROR(IF(Y82="","",ROUNDDOWN(Y82/12,0)),"-") | AA82: =IFERROR(IF(Y82="","",Y82-Z82*12),"-") | AB82: =COUNTIFS(AC82:AC$596,AC82)&AC82 -> 515 | AC82: =IF(LEFT(V82,16)="SK Pemberhentian","OUT"&F82,IF(RIGHT(G82,2)="TT","GPTT",IF(RIGHT(G82,2)="TY","GPTY",G82))&F82) | AD82: =COUNTIFS(AC$2:AC82,AC82)&AC82 -> 81 | AE82: =IF(LEFT(V82,16)="SK Pemberhentian",E82&"OUT"&F82,E82&G82&F82) | AF82: =G82&"."&D82&"."&I82 -> .. | AG82: =L82 | AH82: =M82 | AI82: =IF(AG82="","",AJ82&" "&VLOOKUP(AK82,AX:AY,2,FALSE)&" "&AL82) | AJ82: =TEXT(AG82,"D") | AK82: =TEXT(AG82,"MMMM") | AL82: =TEXT(AG82,"YYYY") | AM82: =IF(AI82="","",AN82&" "&VLOOKUP(AO82,AX:AY,2,FALSE)&" "&AP82) | AN82: =TEXT(S82,"D") | AO82: =TEXT(S82,"MMMM") | AP82: =TEXT(S82,"YYYY") | AQ82: =IF(AM82="","",AR82&" "&VLOOKUP(AS82,AX:AY,2,FALSE)&" "&AT82) | AR82: =TEXT(M82,"D") | AS82: =TEXT(M82,"MMMM") | AT82: =TEXT(M82,"YYYY") | AU82: =IF(OR(G82="Umum",G82=""),"",VLOOKUP(VALUE(TEXT(M82,"M")-1),AW:AY,3,FALSE)) | BA82: ='REGISTER SK'!F85 -> 0
A83: 82 | B83: ok | C83: =IF(G83="","",IF(G83="Umum",G83,VLOOKUP(F83,'Data Induk Pegawai'!B:AE,4,FALSE))) | D83: =IF('REGISTER SK'!A86="","",IF('REGISTER SK'!B86=0,D82,'REGISTER SK'!B86)) | E83: =IF(D83="","",D83&"/"&D83+1) | H83: =IF(F83="","",VLOOKUP(F83,'Data Induk Pegawai'!B:U,2,FALSE)) | I83: =IF('REGISTER SK'!C86="","",'REGISTER SK'!C86) | L83: =IF('REGISTER SK'!D86="","",'REGISTER SK'!D86) | M83: =IF('REGISTER SK'!E86="","",'REGISTER SK'!E86) | N83: =IF(G83="","",IF(OR(G83="GTT",G83="PTT"),"--",VLOOKUP(F83,'Data Induk Pegawai'!B:AE,4,FALSE))) | O83: Pemalang, 13 Februari 2003 | P83: =IF(G83="","",VLOOKUP(F83,'Data Induk Pegawai'!B:AE,7,FALSE)) | R83: =IF(G83="","","Nomor "&RIGHT(VLOOKUP(F83,'Data Induk Pegawai'!B:AE,12,FALSE),2)&" Tahun "&MID(VLOOKUP(F83,'Data Induk Pegawai'!B:AE,12,FALSE),5,4)) | S83: =IF(G83="","",VLOOKUP(F83,'Data Induk Pegawai'!B:AE,11,FALSE)) | U83: =IF(Y83="","",IF(Z83<1,AA83&" Bulan",IF(AND(Z83>0,AA83=0),Z83&" Tahun",Z83&" Tahun "&AA83&" Bulan"))) | W83: =V83&H83 | Y83: =IFERROR(IF(S83="","",DATEDIF(S83,M83,"M")),"?") | Z83: =IFERROR(IF(Y83="","",ROUNDDOWN(Y83/12,0)),"-") | AA83: =IFERROR(IF(Y83="","",Y83-Z83*12),"-") | AB83: =COUNTIFS(AC83:AC$596,AC83)&AC83 -> 514 | AC83: =IF(LEFT(V83,16)="SK Pemberhentian","OUT"&F83,IF(RIGHT(G83,2)="TT","GPTT",IF(RIGHT(G83,2)="TY","GPTY",G83))&F83) | AD83: =COUNTIFS(AC$2:AC83,AC83)&AC83 -> 82 | AE83: =IF(LEFT(V83,16)="SK Pemberhentian",E83&"OUT"&F83,E83&G83&F83) | AF83: =G83&"."&D83&"."&I83 -> .. | AG83: =L83 | AH83: =M83 | AI83: =IF(AG83="","",AJ83&" "&VLOOKUP(AK83,AX:AY,2,FALSE)&" "&AL83) | AJ83: =TEXT(AG83,"D") | AK83: =TEXT(AG83,"MMMM") | AL83: =TEXT(AG83,"YYYY") | AM83: =IF(AI83="","",AN83&" "&VLOOKUP(AO83,AX:AY,2,FALSE)&" "&AP83) | AN83: =TEXT(S83,"D") | AO83: =TEXT(S83,"MMMM") | AP83: =TEXT(S83,"YYYY") | AQ83: =IF(AM83="","",AR83&" "&VLOOKUP(AS83,AX:AY,2,FALSE)&" "&AT83) | AR83: =TEXT(M83,"D") | AS83: =TEXT(M83,"MMMM") | AT83: =TEXT(M83,"YYYY") | AU83: =IF(OR(G83="Umum",G83=""),"",VLOOKUP(VALUE(TEXT(M83,"M")-1),AW:AY,3,FALSE)) | BA83: ='REGISTER SK'!F86 -> 0
A84: 83 | B84: ok | C84: =IF(G84="","",IF(G84="Umum",G84,VLOOKUP(F84,'Data Induk Pegawai'!B:AE,4,FALSE))) | D84: =IF('REGISTER SK'!A87="","",IF('REGISTER SK'!B87=0,D83,'REGISTER SK'!B87)) | E84: =IF(D84="","",D84&"/"&D84+1) | H84: =IF(F84="","",VLOOKUP(F84,'Data Induk Pegawai'!B:U,2,FALSE)) | I84: =IF('REGISTER SK'!C87="","",'REGISTER SK'!C87) | L84: =IF('REGISTER SK'!D87="","",'REGISTER SK'!D87) | M84: =IF('REGISTER SK'!E87="","",'REGISTER SK'!E87) | N84: =IF(G84="","",IF(OR(G84="GTT",G84="PTT"),"--",VLOOKUP(F84,'Data Induk Pegawai'!B:AE,4,FALSE))) | O84: Pekalongan, 12 Januari 1998 | P84: =IF(G84="","",VLOOKUP(F84,'Data Induk Pegawai'!B:AE,7,FALSE)) | R84: =IF(G84="","","Nomor "&RIGHT(VLOOKUP(F84,'Data Induk Pegawai'!B:AE,12,FALSE),2)&" Tahun "&MID(VLOOKUP(F84,'Data Induk Pegawai'!B:AE,12,FALSE),5,4)) | S84: =IF(G84="","",VLOOKUP(F84,'Data Induk Pegawai'!B:AE,11,FALSE)) | U84: =IF(Y84="","",IF(Z84<1,AA84&" Bulan",IF(AND(Z84>0,AA84=0),Z84&" Tahun",Z84&" Tahun "&AA84&" Bulan"))) | W84: =V84&H84 | Y84: =IFERROR(IF(S84="","",DATEDIF(S84,M84,"M")),"?") | Z84: =IFERROR(IF(Y84="","",ROUNDDOWN(Y84/12,0)),"-") | AA84: =IFERROR(IF(Y84="","",Y84-Z84*12),"-") | AB84: =COUNTIFS(AC84:AC$596,AC84)&AC84 -> 513 | AC84: =IF(LEFT(V84,16)="SK Pemberhentian","OUT"&F84,IF(RIGHT(G84,2)="TT","GPTT",IF(RIGHT(G84,2)="TY","GPTY",G84))&F84) | AD84: =COUNTIFS(AC$2:AC84,AC84)&AC84 -> 83 | AE84: =IF(LEFT(V84,16)="SK Pemberhentian",E84&"OUT"&F84,E84&G84&F84) | AF84: =G84&"."&D84&"."&I84 -> .. | AG84: =L84 | AH84: =M84 | AI84: =IF(AG84="","",AJ84&" "&VLOOKUP(AK84,AX:AY,2,FALSE)&" "&AL84) | AJ84: =TEXT(AG84,"D") | AK84: =TEXT(AG84,"MMMM") | AL84: =TEXT(AG84,"YYYY") | AM84: =IF(AI84="","",AN84&" "&VLOOKUP(AO84,AX:AY,2,FALSE)&" "&AP84) | AN84: =TEXT(S84,"D") | AO84: =TEXT(S84,"MMMM") | AP84: =TEXT(S84,"YYYY") | AQ84: =IF(AM84="","",AR84&" "&VLOOKUP(AS84,AX:AY,2,FALSE)&" "&AT84) | AR84: =TEXT(M84,"D") | AS84: =TEXT(M84,"MMMM") | AT84: =TEXT(M84,"YYYY") | AU84: =IF(OR(G84="Umum",G84=""),"",VLOOKUP(VALUE(TEXT(M84,"M")-1),AW:AY,3,FALSE)) | BA84: ='REGISTER SK'!F87 -> 0
A85: 84 | B85: ok | C85: =IF(G85="","",IF(G85="Umum",G85,VLOOKUP(F85,'Data Induk Pegawai'!B:AE,4,FALSE))) | D85: =IF('REGISTER SK'!A88="","",IF('REGISTER SK'!B88=0,D84,'REGISTER SK'!B88)) | E85: =IF(D85="","",D85&"/"&D85+1) | H85: =IF(F85="","",VLOOKUP(F85,'Data Induk Pegawai'!B:U,2,FALSE)) | I85: =IF('REGISTER SK'!C88="","",'REGISTER SK'!C88) | L85: =IF('REGISTER SK'!D88="","",'REGISTER SK'!D88) | M85: =IF('REGISTER SK'!E88="","",'REGISTER SK'!E88) | N85: =IF(G85="","",IF(OR(G85="GTT",G85="PTT"),"--",VLOOKUP(F85,'Data Induk Pegawai'!B:AE,4,FALSE))) | O85: Pemalang, 29 Januari 1986 | P85: =IF(G85="","",VLOOKUP(F85,'Data Induk Pegawai'!B:AE,7,FALSE)) | R85: =IF(G85="","","Nomor "&RIGHT(VLOOKUP(F85,'Data Induk Pegawai'!B:AE,12,FALSE),2)&" Tahun "&MID(VLOOKUP(F85,'Data Induk Pegawai'!B:AE,12,FALSE),5,4)) | S85: =IF(G85="","",VLOOKUP(F85,'Data Induk Pegawai'!B:AE,11,FALSE)) | U85: =IF(Y85="","",IF(Z85<1,AA85&" Bulan",IF(AND(Z85>0,AA85=0),Z85&" Tahun",Z85&" Tahun "&AA85&" Bulan"))) | W85: =V85&H85 | Y85: =IFERROR(IF(S85="","",DATEDIF(S85,M85,"M")),"?") | Z85: =IFERROR(IF(Y85="","",ROUNDDOWN(Y85/12,0)),"-") | AA85: =IFERROR(IF(Y85="","",Y85-Z85*12),"-") | AB85: =COUNTIFS(AC85:AC$596,AC85)&AC85 -> 512 | AC85: =IF(LEFT(V85,16)="SK Pemberhentian","OUT"&F85,IF(RIGHT(G85,2)="TT","GPTT",IF(RIGHT(G85,2)="TY","GPTY",G85))&F85) | AD85: =COUNTIFS(AC$2:AC85,AC85)&AC85 -> 84 | AE85: =IF(LEFT(V85,16)="SK Pemberhentian",E85&"OUT"&F85,E85&G85&F85) | AF85: =G85&"."&D85&"."&I85 -> .. | AG85: =L85 | AH85: =M85 | AI85: =IF(AG85="","",AJ85&" "&VLOOKUP(AK85,AX:AY,2,FALSE)&" "&AL85) | AJ85: =TEXT(AG85,"D") | AK85: =TEXT(AG85,"MMMM") | AL85: =TEXT(AG85,"YYYY") | AM85: =IF(AI85="","",AN85&" "&VLOOKUP(AO85,AX:AY,2,FALSE)&" "&AP85) | AN85: =TEXT(S85,"D") | AO85: =TEXT(S85,"MMMM") | AP85: =TEXT(S85,"YYYY") | AQ85: =IF(AM85="","",AR85&" "&VLOOKUP(AS85,AX:AY,2,FALSE)&" "&AT85) | AR85: =TEXT(M85,"D") | AS85: =TEXT(M85,"MMMM") | AT85: =TEXT(M85,"YYYY") | AU85: =IF(OR(G85="Umum",G85=""),"",VLOOKUP(VALUE(TEXT(M85,"M")-1),AW:AY,3,FALSE)) | BA85: ='REGISTER SK'!F88 -> 0
A86: 85 | B86: ok | C86: =IF(G86="","",IF(G86="Umum",G86,VLOOKUP(F86,'Data Induk Pegawai'!B:AE,4,FALSE))) | D86: =IF('REGISTER SK'!A89="","",IF('REGISTER SK'!B89=0,D85,'REGISTER SK'!B89)) | E86: =IF(D86="","",D86&"/"&D86+1) | H86: =IF(F86="","",VLOOKUP(F86,'Data Induk Pegawai'!B:U,2,FALSE)) | I86: =IF('REGISTER SK'!C89="","",'REGISTER SK'!C89) | L86: =IF('REGISTER SK'!D89="","",'REGISTER SK'!D89) | M86: =IF('REGISTER SK'!E89="","",'REGISTER SK'!E89) | N86: =IF(G86="","",IF(OR(G86="GTT",G86="PTT"),"--",VLOOKUP(F86,'Data Induk Pegawai'!B:AE,4,FALSE))) | O86: Pemalang, 21 September 1983 | P86: =IF(G86="","",VLOOKUP(F86,'Data Induk Pegawai'!B:AE,7,FALSE)) | R86: =IF(G86="","","Nomor "&RIGHT(VLOOKUP(F86,'Data Induk Pegawai'!B:AE,12,FALSE),2)&" Tahun "&MID(VLOOKUP(F86,'Data Induk Pegawai'!B:AE,12,FALSE),5,4)) | S86: =IF(G86="","",VLOOKUP(F86,'Data Induk Pegawai'!B:AE,11,FALSE)) | U86: =IF(Y86="","",IF(Z86<1,AA86&" Bulan",IF(AND(Z86>0,AA86=0),Z86&" Tahun",Z86&" Tahun "&AA86&" Bulan"))) | W86: =V86&H86 | Y86: =IFERROR(IF(S86="","",DATEDIF(S86,M86,"M")),"?") | Z86: =IFERROR(IF(Y86="","",ROUNDDOWN(Y86/12,0)),"-") | AA86: =IFERROR(IF(Y86="","",Y86-Z86*12),"-") | AB86: =COUNTIFS(AC86:AC$596,AC86)&AC86 -> 511 | AC86: =IF(LEFT(V86,16)="SK Pemberhentian","OUT"&F86,IF(RIGHT(G86,2)="TT","GPTT",IF(RIGHT(G86,2)="TY","GPTY",G86))&F86) | AD86: =COUNTIFS(AC$2:AC86,AC86)&AC86 -> 85 | AE86: =IF(LEFT(V86,16)="SK Pemberhentian",E86&"OUT"&F86,E86&G86&F86) | AF86: =G86&"."&D86&"."&I86 -> .. | AG86: =L86 | AH86: =M86 | AI86: =IF(AG86="","",AJ86&" "&VLOOKUP(AK86,AX:AY,2,FALSE)&" "&AL86) | AJ86: =TEXT(AG86,"D") | AK86: =TEXT(AG86,"MMMM") | AL86: =TEXT(AG86,"YYYY") | AM86: =IF(AI86="","",AN86&" "&VLOOKUP(AO86,AX:AY,2,FALSE)&" "&AP86) | AN86: =TEXT(S86,"D") | AO86: =TEXT(S86,"MMMM") | AP86: =TEXT(S86,"YYYY") | AQ86: =IF(AM86="","",AR86&" "&VLOOKUP(AS86,AX:AY,2,FALSE)&" "&AT86) | AR86: =TEXT(M86,"D") | AS86: =TEXT(M86,"MMMM") | AT86: =TEXT(M86,"YYYY") | AU86: =IF(OR(G86="Umum",G86=""),"",VLOOKUP(VALUE(TEXT(M86,"M")-1),AW:AY,3,FALSE)) | BA86: ='REGISTER SK'!F89 -> 0
A87: 86 | B87: ok | C87: =IF(G87="","",IF(G87="Umum",G87,VLOOKUP(F87,'Data Induk Pegawai'!B:AE,4,FALSE))) | D87: =IF('REGISTER SK'!A90="","",IF('REGISTER SK'!B90=0,D86,'REGISTER SK'!B90)) | E87: =IF(D87="","",D87&"/"&D87+1) | H87: =IF(F87="","",VLOOKUP(F87,'Data Induk Pegawai'!B:U,2,FALSE)) | I87: =IF('REGISTER SK'!C90="","",'REGISTER SK'!C90) | L87: =IF('REGISTER SK'!D90="","",'REGISTER SK'!D90) | M87: =IF('REGISTER SK'!E90="","",'REGISTER SK'!E90) | N87: =IF(G87="","",IF(OR(G87="GTT",G87="PTT"),"--",VLOOKUP(F87,'Data Induk Pegawai'!B:AE,4,FALSE))) | O87: Pemalang, 30 September 1991 | P87: =IF(G87="","",VLOOKUP(F87,'Data Induk Pegawai'!B:AE,7,FALSE)) | R87: =IF(G87="","","Nomor "&RIGHT(VLOOKUP(F87,'Data Induk Pegawai'!B:AE,12,FALSE),2)&" Tahun "&MID(VLOOKUP(F87,'Data Induk Pegawai'!B:AE,12,FALSE),5,4)) | S87: =IF(G87="","",VLOOKUP(F87,'Data Induk Pegawai'!B:AE,11,FALSE)) | U87: =IF(Y87="","",IF(Z87<1,AA87&" Bulan",IF(AND(Z87>0,AA87=0),Z87&" Tahun",Z87&" Tahun "&AA87&" Bulan"))) | W87: =V87&H87 | Y87: =IFERROR(IF(S87="","",DATEDIF(S87,M87,"M")),"?") | Z87: =IFERROR(IF(Y87="","",ROUNDDOWN(Y87/12,0)),"-") | AA87: =IFERROR(IF(Y87="","",Y87-Z87*12),"-") | AB87: =COUNTIFS(AC87:AC$596,AC87)&AC87 -> 510 | AC87: =IF(LEFT(V87,16)="SK Pemberhentian","OUT"&F87,IF(RIGHT(G87,2)="TT","GPTT",IF(RIGHT(G87,2)="TY","GPTY",G87))&F87) | AD87: =COUNTIFS(AC$2:AC87,AC87)&AC87 -> 86 | AE87: =IF(LEFT(V87,16)="SK Pemberhentian",E87&"OUT"&F87,E87&G87&F87) | AF87: =G87&"."&D87&"."&I87 -> .. | AG87: =L87 | AH87: =M87 | AI87: =IF(AG87="","",AJ87&" "&VLOOKUP(AK87,AX:AY,2,FALSE)&" "&AL87) | AJ87: =TEXT(AG87,"D") | AK87: =TEXT(AG87,"MMMM") | AL87: =TEXT(AG87,"YYYY") | AM87: =IF(AI87="","",AN87&" "&VLOOKUP(AO87,AX:AY,2,FALSE)&" "&AP87) | AN87: =TEXT(S87,"D") | AO87: =TEXT(S87,"MMMM") | AP87: =TEXT(S87,"YYYY") | AQ87: =IF(AM87="","",AR87&" "&VLOOKUP(AS87,AX:AY,2,FALSE)&" "&AT87) | AR87: =TEXT(M87,"D") | AS87: =TEXT(M87,"MMMM") | AT87: =TEXT(M87,"YYYY") | AU87: =IF(OR(G87="Umum",G87=""),"",VLOOKUP(VALUE(TEXT(M87,"M")-1),AW:AY,3,FALSE)) | BA87: ='REGISTER SK'!F90 -> 0
A88: 87 | B88: ok | C88: =IF(G88="","",IF(G88="Umum",G88,VLOOKUP(F88,'Data Induk Pegawai'!B:AE,4,FALSE))) | D88: =IF('REGISTER SK'!A91="","",IF('REGISTER SK'!B91=0,D87,'REGISTER SK'!B91)) | E88: =IF(D88="","",D88&"/"&D88+1) | H88: =IF(F88="","",VLOOKUP(F88,'Data Induk Pegawai'!B:U,2,FALSE)) | I88: =IF('REGISTER SK'!C91="","",'REGISTER SK'!C91) | L88: =IF('REGISTER SK'!D91="","",'REGISTER SK'!D91) | M88: =IF('REGISTER SK'!E91="","",'REGISTER SK'!E91) | N88: =IF(G88="","",IF(OR(G88="GTT",G88="PTT"),"--",VLOOKUP(F88,'Data Induk Pegawai'!B:AE,4,FALSE))) | O88: Pemalang, 5 Januari 2000 | P88: =IF(G88="","",VLOOKUP(F88,'Data Induk Pegawai'!B:AE,7,FALSE)) | R88: =IF(G88="","","Nomor "&RIGHT(VLOOKUP(F88,'Data Induk Pegawai'!B:AE,12,FALSE),2)&" Tahun "&MID(VLOOKUP(F88,'Data Induk Pegawai'!B:AE,12,FALSE),5,4)) | S88: =IF(G88="","",VLOOKUP(F88,'Data Induk Pegawai'!B:AE,11,FALSE)) | U88: =IF(Y88="","",IF(Z88<1,AA88&" Bulan",IF(AND(Z88>0,AA88=0),Z88&" Tahun",Z88&" Tahun "&AA88&" Bulan"))) | W88: =V88&H88 | Y88: =IFERROR(IF(S88="","",DATEDIF(S88,M88,"M")),"?") | Z88: =IFERROR(IF(Y88="","",ROUNDDOWN(Y88/12,0)),"-") | AA88: =IFERROR(IF(Y88="","",Y88-Z88*12),"-") | AB88: =COUNTIFS(AC88:AC$596,AC88)&AC88 -> 509 | AC88: =IF(LEFT(V88,16)="SK Pemberhentian","OUT"&F88,IF(RIGHT(G88,2)="TT","GPTT",IF(RIGHT(G88,2)="TY","GPTY",G88))&F88) | AD88: =COUNTIFS(AC$2:AC88,AC88)&AC88 -> 87 | AE88: =IF(LEFT(V88,16)="SK Pemberhentian",E88&"OUT"&F88,E88&G88&F88) | AF88: =G88&"."&D88&"."&I88 -> .. | AG88: =L88 | AH88: =M88 | AI88: =IF(AG88="","",AJ88&" "&VLOOKUP(AK88,AX:AY,2,FALSE)&" "&AL88) | AJ88: =TEXT(AG88,"D") | AK88: =TEXT(AG88,"MMMM") | AL88: =TEXT(AG88,"YYYY") | AM88: =IF(AI88="","",AN88&" "&VLOOKUP(AO88,AX:AY,2,FALSE)&" "&AP88) | AN88: =TEXT(S88,"D") | AO88: =TEXT(S88,"MMMM") | AP88: =TEXT(S88,"YYYY") | AQ88: =IF(AM88="","",AR88&" "&VLOOKUP(AS88,AX:AY,2,FALSE)&" "&AT88) | AR88: =TEXT(M88,"D") | AS88: =TEXT(M88,"MMMM") | AT88: =TEXT(M88,"YYYY") | AU88: =IF(OR(G88="Umum",G88=""),"",VLOOKUP(VALUE(TEXT(M88,"M")-1),AW:AY,3,FALSE)) | BA88: ='REGISTER SK'!F91 -> 0
A89: 88 | B89: ok | C89: =IF(G89="","",IF(G89="Umum",G89,VLOOKUP(F89,'Data Induk Pegawai'!B:AE,4,FALSE))) | D89: =IF('REGISTER SK'!A92="","",IF('REGISTER SK'!B92=0,D88,'REGISTER SK'!B92)) | E89: =IF(D89="","",D89&"/"&D89+1) | H89: =IF(F89="","",VLOOKUP(F89,'Data Induk Pegawai'!B:U,2,FALSE)) | I89: =IF('REGISTER SK'!C92="","",'REGISTER SK'!C92) | L89: =IF('REGISTER SK'!D92="","",'REGISTER SK'!D92) | M89: =IF('REGISTER SK'!E92="","",'REGISTER SK'!E92) | N89: =IF(G89="","",IF(OR(G89="GTT",G89="PTT"),"--",VLOOKUP(F89,'Data Induk Pegawai'!B:AE,4,FALSE))) | O89: Bondowoso, 26 April 2000 | P89: =IF(G89="","",VLOOKUP(F89,'Data Induk Pegawai'!B:AE,7,FALSE)) | R89: =IF(G89="","","Nomor "&RIGHT(VLOOKUP(F89,'Data Induk Pegawai'!B:AE,12,FALSE),2)&" Tahun "&MID(VLOOKUP(F89,'Data Induk Pegawai'!B:AE,12,FALSE),5,4)) | S89: =IF(G89="","",VLOOKUP(F89,'Data Induk Pegawai'!B:AE,11,FALSE)) | U89: =IF(Y89="","",IF(Z89<1,AA89&" Bulan",IF(AND(Z89>0,AA89=0),Z89&" Tahun",Z89&" Tahun "&AA89&" Bulan"))) | W89: =V89&H89 | Y89: =IFERROR(IF(S89="","",DATEDIF(S89,M89,"M")),"?") | Z89: =IFERROR(IF(Y89="","",ROUNDDOWN(Y89/12,0)),"-") | AA89: =IFERROR(IF(Y89="","",Y89-Z89*12),"-") | AB89: =COUNTIFS(AC89:AC$596,AC89)&AC89 -> 508 | AC89: =IF(LEFT(V89,16)="SK Pemberhentian","OUT"&F89,IF(RIGHT(G89,2)="TT","GPTT",IF(RIGHT(G89,2)="TY","GPTY",G89))&F89) | AD89: =COUNTIFS(AC$2:AC89,AC89)&AC89 -> 88 | AE89: =IF(LEFT(V89,16)="SK Pemberhentian",E89&"OUT"&F89,E89&G89&F89) | AF89: =G89&"."&D89&"."&I89 -> .. | AG89: =L89 | AH89: =M89 | AI89: =IF(AG89="","",AJ89&" "&VLOOKUP(AK89,AX:AY,2,FALSE)&" "&AL89) | AJ89: =TEXT(AG89,"D") | AK89: =TEXT(AG89,"MMMM") | AL89: =TEXT(AG89,"YYYY") | AM89: =IF(AI89="","",AN89&" "&VLOOKUP(AO89,AX:AY,2,FALSE)&" "&AP89) | AN89: =TEXT(S89,"D") | AO89: =TEXT(S89,"MMMM") | AP89: =TEXT(S89,"YYYY") | AQ89: =IF(AM89="","",AR89&" "&VLOOKUP(AS89,AX:AY,2,FALSE)&" "&AT89) | AR89: =TEXT(M89,"D") | AS89: =TEXT(M89,"MMMM") | AT89: =TEXT(M89,"YYYY") | AU89: =IF(OR(G89="Umum",G89=""),"",VLOOKUP(VALUE(TEXT(M89,"M")-1),AW:AY,3,FALSE)) | BA89: ='REGISTER SK'!F92 -> 0
A90: 89 | B90: ok | C90: =IF(G90="","",IF(G90="Umum",G90,VLOOKUP(F90,'Data Induk Pegawai'!B:AE,4,FALSE))) | D90: =IF('REGISTER SK'!A93="","",IF('REGISTER SK'!B93=0,D89,'REGISTER SK'!B93)) | E90: =IF(D90="","",D90&"/"&D90+1) | H90: =IF(F90="","",VLOOKUP(F90,'Data Induk Pegawai'!B:U,2,FALSE)) | I90: =IF('REGISTER SK'!C93="","",'REGISTER SK'!C93) | L90: =IF('REGISTER SK'!D93="","",'REGISTER SK'!D93) | M90: =IF('REGISTER SK'!E93="","",'REGISTER SK'!E93) | N90: =IF(G90="","",IF(OR(G90="GTT",G90="PTT"),"--",VLOOKUP(F90,'Data Induk Pegawai'!B:AE,4,FALSE))) | O90: Pemalang, 16 Agustus 1999 | P90: =IF(G90="","",VLOOKUP(F90,'Data Induk Pegawai'!B:AE,7,FALSE)) | R90: =IF(G90="","","Nomor "&RIGHT(VLOOKUP(F90,'Data Induk Pegawai'!B:AE,12,FALSE),2)&" Tahun "&MID(VLOOKUP(F90,'Data Induk Pegawai'!B:AE,12,FALSE),5,4)) | S90: =IF(G90="","",VLOOKUP(F90,'Data Induk Pegawai'!B:AE,11,FALSE)) | U90: =IF(Y90="","",IF(Z90<1,AA90&" Bulan",IF(AND(Z90>0,AA90=0),Z90&" Tahun",Z90&" Tahun "&AA90&" Bulan"))) | W90: =V90&H90 | Y90: =IFERROR(IF(S90="","",DATEDIF(S90,M90,"M")),"?") | Z90: =IFERROR(IF(Y90="","",ROUNDDOWN(Y90/12,0)),"-") | AA90: =IFERROR(IF(Y90="","",Y90-Z90*12),"-") | AB90: =COUNTIFS(AC90:AC$596,AC90)&AC90 -> 507 | AC90: =IF(LEFT(V90,16)="SK Pemberhentian","OUT"&F90,IF(RIGHT(G90,2)="TT","GPTT",IF(RIGHT(G90,2)="TY","GPTY",G90))&F90) | AD90: =COUNTIFS(AC$2:AC90,AC90)&AC90 -> 89 | AE90: =IF(LEFT(V90,16)="SK Pemberhentian",E90&"OUT"&F90,E90&G90&F90) | AF90: =G90&"."&D90&"."&I90 -> .. | AG90: =L90 | AH90: =M90 | AI90: =IF(AG90="","",AJ90&" "&VLOOKUP(AK90,AX:AY,2,FALSE)&" "&AL90) | AJ90: =TEXT(AG90,"D") | AK90: =TEXT(AG90,"MMMM") | AL90: =TEXT(AG90,"YYYY") | AM90: =IF(AI90="","",AN90&" "&VLOOKUP(AO90,AX:AY,2,FALSE)&" "&AP90) | AN90: =TEXT(S90,"D") | AO90: =TEXT(S90,"MMMM") | AP90: =TEXT(S90,"YYYY") | AQ90: =IF(AM90="","",AR90&" "&VLOOKUP(AS90,AX:AY,2,FALSE)&" "&AT90) | AR90: =TEXT(M90,"D") | AS90: =TEXT(M90,"MMMM") | AT90: =TEXT(M90,"YYYY") | AU90: =IF(OR(G90="Umum",G90=""),"",VLOOKUP(VALUE(TEXT(M90,"M")-1),AW:AY,3,FALSE)) | BA90: ='REGISTER SK'!F93 -> 0
A91: 90 | B91: ok | C91: =IF(G91="","",IF(G91="Umum",G91,VLOOKUP(F91,'Data Induk Pegawai'!B:AE,4,FALSE))) | D91: =IF('REGISTER SK'!A94="","",IF('REGISTER SK'!B94=0,D90,'REGISTER SK'!B94)) | E91: =IF(D91="","",D91&"/"&D91+1) | H91: =IF(F91="","",VLOOKUP(F91,'Data Induk Pegawai'!B:U,2,FALSE)) | I91: =IF('REGISTER SK'!C94="","",'REGISTER SK'!C94) | L91: =IF('REGISTER SK'!D94="","",'REGISTER SK'!D94) | M91: =IF('REGISTER SK'!E94="","",'REGISTER SK'!E94) | N91: =IF(G91="","",IF(OR(G91="GTT",G91="PTT"),"--",VLOOKUP(F91,'Data Induk Pegawai'!B:AE,4,FALSE))) | O91: Pemalang, 23 Maret 1996 | P91: =IF(G91="","",VLOOKUP(F91,'Data Induk Pegawai'!B:AE,7,FALSE)) | R91: =IF(G91="","","Nomor "&RIGHT(VLOOKUP(F91,'Data Induk Pegawai'!B:AE,12,FALSE),2)&" Tahun "&MID(VLOOKUP(F91,'Data Induk Pegawai'!B:AE,12,FALSE),5,4)) | S91: =IF(G91="","",VLOOKUP(F91,'Data Induk Pegawai'!B:AE,11,FALSE)) | U91: =IF(Y91="","",IF(Z91<1,AA91&" Bulan",IF(AND(Z91>0,AA91=0),Z91&" Tahun",Z91&" Tahun "&AA91&" Bulan"))) | W91: =V91&H91 | Y91: =IFERROR(IF(S91="","",DATEDIF(S91,M91,"M")),"?") | Z91: =IFERROR(IF(Y91="","",ROUNDDOWN(Y91/12,0)),"-") | AA91: =IFERROR(IF(Y91="","",Y91-Z91*12),"-") | AB91: =COUNTIFS(AC91:AC$596,AC91)&AC91 -> 506 | AC91: =IF(LEFT(V91,16)="SK Pemberhentian","OUT"&F91,IF(RIGHT(G91,2)="TT","GPTT",IF(RIGHT(G91,2)="TY","GPTY",G91))&F91) | AD91: =COUNTIFS(AC$2:AC91,AC91)&AC91 -> 90 | AE91: =IF(LEFT(V91,16)="SK Pemberhentian",E91&"OUT"&F91,E91&G91&F91) | AF91: =G91&"."&D91&"."&I91 -> .. | AG91: =L91 | AH91: =M91 | AI91: =IF(AG91="","",AJ91&" "&VLOOKUP(AK91,AX:AY,2,FALSE)&" "&AL91) | AJ91: =TEXT(AG91,"D") | AK91: =TEXT(AG91,"MMMM") | AL91: =TEXT(AG91,"YYYY") | AM91: =IF(AI91="","",AN91&" "&VLOOKUP(AO91,AX:AY,2,FALSE)&" "&AP91) | AN91: =TEXT(S91,"D") | AO91: =TEXT(S91,"MMMM") | AP91: =TEXT(S91,"YYYY") | AQ91: =IF(AM91="","",AR91&" "&VLOOKUP(AS91,AX:AY,2,FALSE)&" "&AT91) | AR91: =TEXT(M91,"D") | AS91: =TEXT(M91,"MMMM") | AT91: =TEXT(M91,"YYYY") | AU91: =IF(OR(G91="Umum",G91=""),"",VLOOKUP(VALUE(TEXT(M91,"M")-1),AW:AY,3,FALSE)) | BA91: ='REGISTER SK'!F94 -> 0
A92: 91 | B92: ok | C92: =IF(G92="","",IF(G92="Umum",G92,VLOOKUP(F92,'Data Induk Pegawai'!B:AE,4,FALSE))) | D92: =IF('REGISTER SK'!A95="","",IF('REGISTER SK'!B95=0,D91,'REGISTER SK'!B95)) | E92: =IF(D92="","",D92&"/"&D92+1) | H92: =IF(F92="","",VLOOKUP(F92,'Data Induk Pegawai'!B:U,2,FALSE)) | I92: =IF('REGISTER SK'!C95="","",'REGISTER SK'!C95) | L92: =IF('REGISTER SK'!D95="","",'REGISTER SK'!D95) | M92: =IF('REGISTER SK'!E95="","",'REGISTER SK'!E95) | N92: =IF(G92="","",IF(OR(G92="GTT",G92="PTT"),"--",VLOOKUP(F92,'Data Induk Pegawai'!B:AE,4,FALSE))) | O92: Pekalongan, 23 Mei 1993 | P92: =IF(G92="","",VLOOKUP(F92,'Data Induk Pegawai'!B:AE,7,FALSE)) | R92: =IF(G92="","","Nomor "&RIGHT(VLOOKUP(F92,'Data Induk Pegawai'!B:AE,12,FALSE),2)&" Tahun "&MID(VLOOKUP(F92,'Data Induk Pegawai'!B:AE,12,FALSE),5,4)) | S92: =IF(G92="","",VLOOKUP(F92,'Data Induk Pegawai'!B:AE,11,FALSE)) | U92: =IF(Y92="","",IF(Z92<1,AA92&" Bulan",IF(AND(Z92>0,AA92=0),Z92&" Tahun",Z92&" Tahun "&AA92&" Bulan"))) | W92: =V92&H92 | Y92: =IFERROR(IF(S92="","",DATEDIF(S92,M92,"M")),"?") | Z92: =IFERROR(IF(Y92="","",ROUNDDOWN(Y92/12,0)),"-") | AA92: =IFERROR(IF(Y92="","",Y92-Z92*12),"-") | AB92: =COUNTIFS(AC92:AC$596,AC92)&AC92 -> 505 | AC92: =IF(LEFT(V92,16)="SK Pemberhentian","OUT"&F92,IF(RIGHT(G92,2)="TT","GPTT",IF(RIGHT(G92,2)="TY","GPTY",G92))&F92) | AD92: =COUNTIFS(AC$2:AC92,AC92)&AC92 -> 91 | AE92: =IF(LEFT(V92,16)="SK Pemberhentian",E92&"OUT"&F92,E92&G92&F92) | AF92: =G92&"."&D92&"."&I92 -> .. | AG92: =L92 | AH92: =M92 | AI92: =IF(AG92="","",AJ92&" "&VLOOKUP(AK92,AX:AY,2,FALSE)&" "&AL92) | AJ92: =TEXT(AG92,"D") | AK92: =TEXT(AG92,"MMMM") | AL92: =TEXT(AG92,"YYYY") | AM92: =IF(AI92="","",AN92&" "&VLOOKUP(AO92,AX:AY,2,FALSE)&" "&AP92) | AN92: =TEXT(S92,"D") | AO92: =TEXT(S92,"MMMM") | AP92: =TEXT(S92,"YYYY") | AQ92: =IF(AM92="","",AR92&" "&VLOOKUP(AS92,AX:AY,2,FALSE)&" "&AT92) | AR92: =TEXT(M92,"D") | AS92: =TEXT(M92,"MMMM") | AT92: =TEXT(M92,"YYYY") | AU92: =IF(OR(G92="Umum",G92=""),"",VLOOKUP(VALUE(TEXT(M92,"M")-1),AW:AY,3,FALSE)) | BA92: ='REGISTER SK'!F95 -> 0
A93: 92 | B93: ok | C93: =IF(G93="","",IF(G93="Umum",G93,VLOOKUP(F93,'Data Induk Pegawai'!B:AE,4,FALSE))) | D93: =IF('REGISTER SK'!A96="","",IF('REGISTER SK'!B96=0,D92,'REGISTER SK'!B96)) | E93: =IF(D93="","",D93&"/"&D93+1) | H93: =IF(F93="","",VLOOKUP(F93,'Data Induk Pegawai'!B:U,2,FALSE)) | I93: =IF('REGISTER SK'!C96="","",'REGISTER SK'!C96) | L93: =IF('REGISTER SK'!D96="","",'REGISTER SK'!D96) | M93: =IF('REGISTER SK'!E96="","",'REGISTER SK'!E96) | N93: =IF(G93="","",IF(OR(G93="GTT",G93="PTT"),"--",VLOOKUP(F93,'Data Induk Pegawai'!B:AE,4,FALSE))) | O93: Pemalang, 31 Januari 1992 | P93: =IF(G93="","",VLOOKUP(F93,'Data Induk Pegawai'!B:AE,7,FALSE)) | R93: =IF(G93="","","Nomor "&RIGHT(VLOOKUP(F93,'Data Induk Pegawai'!B:AE,12,FALSE),2)&" Tahun "&MID(VLOOKUP(F93,'Data Induk Pegawai'!B:AE,12,FALSE),5,4)) | S93: =IF(G93="","",VLOOKUP(F93,'Data Induk Pegawai'!B:AE,11,FALSE)) | U93: =IF(Y93="","",IF(Z93<1,AA93&" Bulan",IF(AND(Z93>0,AA93=0),Z93&" Tahun",Z93&" Tahun "&AA93&" Bulan"))) | W93: =V93&H93 | Y93: =IFERROR(IF(S93="","",DATEDIF(S93,M93,"M")),"?") | Z93: =IFERROR(IF(Y93="","",ROUNDDOWN(Y93/12,0)),"-") | AA93: =IFERROR(IF(Y93="","",Y93-Z93*12),"-") | AB93: =COUNTIFS(AC93:AC$596,AC93)&AC93 -> 504 | AC93: =IF(LEFT(V93,16)="SK Pemberhentian","OUT"&F93,IF(RIGHT(G93,2)="TT","GPTT",IF(RIGHT(G93,2)="TY","GPTY",G93))&F93) | AD93: =COUNTIFS(AC$2:AC93,AC93)&AC93 -> 92 | AE93: =IF(LEFT(V93,16)="SK Pemberhentian",E93&"OUT"&F93,E93&G93&F93) | AF93: =G93&"."&D93&"."&I93 -> .. | AG93: =L93 | AH93: =M93 | AI93: =IF(AG93="","",AJ93&" "&VLOOKUP(AK93,AX:AY,2,FALSE)&" "&AL93) | AJ93: =TEXT(AG93,"D") | AK93: =TEXT(AG93,"MMMM") | AL93: =TEXT(AG93,"YYYY") | AM93: =IF(AI93="","",AN93&" "&VLOOKUP(AO93,AX:AY,2,FALSE)&" "&AP93) | AN93: =TEXT(S93,"D") | AO93: =TEXT(S93,"MMMM") | AP93: =TEXT(S93,"YYYY") | AQ93: =IF(AM93="","",AR93&" "&VLOOKUP(AS93,AX:AY,2,FALSE)&" "&AT93) | AR93: =TEXT(M93,"D") | AS93: =TEXT(M93,"MMMM") | AT93: =TEXT(M93,"YYYY") | AU93: =IF(OR(G93="Umum",G93=""),"",VLOOKUP(VALUE(TEXT(M93,"M")-1),AW:AY,3,FALSE)) | BA93: ='REGISTER SK'!F96 -> 0
... A111: 110 | B111: ok | C111: =IF(G111="","",IF(G111="Umum",G111,VLOOKUP(F111,'Data Induk Pegawai'!B:AE,4,FALSE))) | D111: =IF('REGISTER SK'!A114="","",IF('REGISTER SK'!B114=0,D110,'REGISTER SK'!B114)) | E111: =IF(D111="","",D111&"/"&D111+1) | H111: =IF(F111="","",VLOOKUP(F111,'Data Induk Pegawai'!B:U,2,FALSE)) | I111: =IF('REGISTER SK'!C114="","",'REGISTER SK'!C114) | L111: =IF('REGISTER SK'!D114="","",'REGISTER SK'!D114) | M111: =IF('REGISTER SK'!E114="","",'REGISTER SK'!E114) | N111: =IF(G111="","",IF(OR(G111="GTT",G111="PTT"),"--",VLOOKUP(F111,'Data Induk Pegawai'!B:AE,4,FALSE))) | O111: Pemalang, 15 Juli 1982 | P111: =IF(G111="","",VLOOKUP(F111,'Data Induk Pegawai'!B:AE,7,FALSE)) | R111: =IF(G111="","","Nomor "&RIGHT(VLOOKUP(F111,'Data Induk Pegawai'!B:AE,12,FALSE),2)&" Tahun "&MID(VLOOKUP(F111,'Data Induk Pegawai'!B:AE,12,FALSE),5,4)) | S111: =IF(G111="","",VLOOKUP(F111,'Data Induk Pegawai'!B:AE,11,FALSE)) | U111: =IF(Y111="","",IF(Z111<1,AA111&" Bulan",IF(AND(Z111>0,AA111=0),Z111&" Tahun",Z111&" Tahun "&AA111&" Bulan"))) | W111: =V111&H111 | Y111: =IFERROR(IF(S111="","",DATEDIF(S111,M111,"M")),"?") | Z111: =IFERROR(IF(Y111="","",ROUNDDOWN(Y111/12,0)),"-") | AA111: =IFERROR(IF(Y111="","",Y111-Z111*12),"-") | AB111: =COUNTIFS(AC111:AC$596,AC111)&AC111 -> 486 | AC111: =IF(LEFT(V111,16)="SK Pemberhentian","OUT"&F111,IF(RIGHT(G111,2)="TT","GPTT",IF(RIGHT(G111,2)="TY","GPTY",G111))&F111) | AD111: =COUNTIFS(AC$2:AC111,AC111)&AC111 -> 110 | AE111: =IF(LEFT(V111,16)="SK Pemberhentian",E111&"OUT"&F111,E111&G111&F111) | AF111: =G111&"."&D111&"."&I111 -> .. | AG111: =L111 | AH111: =M111 | AI111: =IF(AG111="","",AJ111&" "&VLOOKUP(AK111,AX:AY,2,FALSE)&" "&AL111) | AJ111: =TEXT(AG111,"D") | AK111: =TEXT(AG111,"MMMM") | AL111: =TEXT(AG111,"YYYY") | AM111: =IF(AI111="","",AN111&" "&VLOOKUP(AO111,AX:AY,2,FALSE)&" "&AP111) | AN111: =TEXT(S111,"D") | AO111: =TEXT(S111,"MMMM") | AP111: =TEXT(S111,"YYYY") | AQ111: =IF(AM111="","",AR111&" "&VLOOKUP(AS111,AX:AY,2,FALSE)&" "&AT111) | AR111: =TEXT(M111,"D") | AS111: =TEXT(M111,"MMMM") | AT111: =TEXT(M111,"YYYY") | AU111: =IF(OR(G111="Umum",G111=""),"",VLOOKUP(VALUE(TEXT(M111,"M")-1),AW:AY,3,FALSE)) | BA111: ='REGISTER SK'!F114 -> 0
A112: 111 | C112: =IF(G112="","",IF(G112="Umum",G112,VLOOKUP(F112,'Data Induk Pegawai'!B:AE,4,FALSE))) | D112: =IF('REGISTER SK'!A115="","",IF('REGISTER SK'!B115=0,#REF!,'REGISTER SK'!B115)) | E112: =IF(D112="","",D112&"/"&D112+1) | H112: =IF(F112="","",VLOOKUP(F112,'Data Induk Pegawai'!B:U,2,FALSE)) | I112: =IF('REGISTER SK'!C115="","",'REGISTER SK'!C115) | L112: =IF('REGISTER SK'!D115="","",'REGISTER SK'!D115) | M112: =IF('REGISTER SK'!E115="","",'REGISTER SK'!E115) | N112: =IF(G112="","",IF(OR(G112="GTT",G112="PTT"),"--",VLOOKUP(F112,'Data Induk Pegawai'!B:AE,4,FALSE))) | P112: =IF(G112="","",VLOOKUP(F112,'Data Induk Pegawai'!B:AE,7,FALSE)) | R112: =IF(G112="","","Nomor "&RIGHT(VLOOKUP(F112,'Data Induk Pegawai'!B:AE,12,FALSE),2)&" Tahun "&MID(VLOOKUP(F112,'Data Induk Pegawai'!B:AE,12,FALSE),5,4)) | S112: =IF(G112="","",VLOOKUP(F112,'Data Induk Pegawai'!B:AE,11,FALSE)) | U112: =IF(Y112="","",IF(Z112<1,AA112&" Bulan",IF(AND(Z112>0,AA112=0),Z112&" Tahun",Z112&" Tahun "&AA112&" Bulan"))) | W112: =V112&H112 | Y112: =IFERROR(IF(S112="","",DATEDIF(S112,M112,"M")),"?") | Z112: =IFERROR(IF(Y112="","",ROUNDDOWN(Y112/12,0)),"-") | AA112: =IFERROR(IF(Y112="","",Y112-Z112*12),"-") | AB112: =COUNTIFS(AC112:AC$596,AC112)&AC112 -> 485 | AC112: =IF(LEFT(V112,16)="SK Pemberhentian","OUT"&F112,IF(RIGHT(G112,2)="TT","GPTT",IF(RIGHT(G112,2)="TY","GPTY",G112))&F112) | AD112: =COUNTIFS(AC$2:AC112,AC112)&AC112 -> 111 | AE112: =IF(LEFT(V112,16)="SK Pemberhentian",E112&"OUT"&F112,E112&G112&F112) | AF112: =G112&"."&D112&"."&I112 -> .. | AG112: =L112 | AH112: =M112 | AI112: =IF(AG112="","",AJ112&" "&VLOOKUP(AK112,AX:AY,2,FALSE)&" "&AL112) | AJ112: =TEXT(AG112,"D") | AK112: =TEXT(AG112,"MMMM") | AL112: =TEXT(AG112,"YYYY") | AM112: =IF(AI112="","",AN112&" "&VLOOKUP(AO112,AX:AY,2,FALSE)&" "&AP112) | AN112: =TEXT(S112,"D") | AO112: =TEXT(S112,"MMMM") | AP112: =TEXT(S112,"YYYY") | AQ112: =IF(AM112="","",AR112&" "&VLOOKUP(AS112,AX:AY,2,FALSE)&" "&AT112) | AR112: =TEXT(M112,"D") | AS112: =TEXT(M112,"MMMM") | AT112: =TEXT(M112,"YYYY") | AU112: =IF(OR(G112="Umum",G112=""),"",VLOOKUP(VALUE(TEXT(M112,"M")-1),AW:AY,3,FALSE)) | BA112: ='REGISTER SK'!F115 -> 0
A113: 112 | B113: ok | C113: =IF(G113="","",IF(G113="Umum",G113,VLOOKUP(F113,'Data Induk Pegawai'!B:AE,4,FALSE))) | D113: =IF('REGISTER SK'!A116="","",IF('REGISTER SK'!B116=0,D112,'REGISTER SK'!B116)) | E113: =IF(D113="","",D113&"/"&D113+1) | H113: =IF(F113="","",VLOOKUP(F113,'Data Induk Pegawai'!B:U,2,FALSE)) | I113: =IF('REGISTER SK'!C116="","",'REGISTER SK'!C116) | L113: =IF('REGISTER SK'!D116="","",'REGISTER SK'!D116) | M113: =IF('REGISTER SK'!E116="","",'REGISTER SK'!E116) | N113: =IF(G113="","",IF(OR(G113="GTT",G113="PTT"),"--",VLOOKUP(F113,'Data Induk Pegawai'!B:AE,4,FALSE))) | O113: Pemalang, 20 Februari 1981 | P113: =IF(G113="","",VLOOKUP(F113,'Data Induk Pegawai'!B:AE,7,FALSE)) | R113: =IF(G113="","","Nomor "&RIGHT(VLOOKUP(F113,'Data Induk Pegawai'!B:AE,12,FALSE),2)&" Tahun "&MID(VLOOKUP(F113,'Data Induk Pegawai'!B:AE,12,FALSE),5,4)) | S113: =IF(G113="","",VLOOKUP(F113,'Data Induk Pegawai'!B:AE,11,FALSE)) | U113: =IF(Y113="","",IF(Z113<1,AA113&" Bulan",IF(AND(Z113>0,AA113=0),Z113&" Tahun",Z113&" Tahun "&AA113&" Bulan"))) | W113: =V113&H113 | Y113: =IFERROR(IF(S113="","",DATEDIF(S113,M113,"M")),"?") | Z113: =IFERROR(IF(Y113="","",ROUNDDOWN(Y113/12,0)),"-") | AA113: =IFERROR(IF(Y113="","",Y113-Z113*12),"-") | AB113: =COUNTIFS(AC113:AC$596,AC113)&AC113 -> 484 | AC113: =IF(LEFT(V113,16)="SK Pemberhentian","OUT"&F113,IF(RIGHT(G113,2)="TT","GPTT",IF(RIGHT(G113,2)="TY","GPTY",G113))&F113) | AD113: =COUNTIFS(AC$2:AC113,AC113)&AC113 -> 112 | AE113: =IF(LEFT(V113,16)="SK Pemberhentian",E113&"OUT"&F113,E113&G113&F113) | AF113: =G113&"."&D113&"."&I113 -> .. | AG113: =L113 | AH113: =M113 | AI113: =IF(AG113="","",AJ113&" "&VLOOKUP(AK113,AX:AY,2,FALSE)&" "&AL113) | AJ113: =TEXT(AG113,"D") | AK113: =TEXT(AG113,"MMMM") | AL113: =TEXT(AG113,"YYYY") | AM113: =IF(AI113="","",AN113&" "&VLOOKUP(AO113,AX:AY,2,FALSE)&" "&AP113) | AN113: =TEXT(S113,"D") | AO113: =TEXT(S113,"MMMM") | AP113: =TEXT(S113,"YYYY") | AQ113: =IF(AM113="","",AR113&" "&VLOOKUP(AS113,AX:AY,2,FALSE)&" "&AT113) | AR113: =TEXT(M113,"D") | AS113: =TEXT(M113,"MMMM") | AT113: =TEXT(M113,"YYYY") | AU113: =IF(OR(G113="Umum",G113=""),"",VLOOKUP(VALUE(TEXT(M113,"M")-1),AW:AY,3,FALSE)) | BA113: ='REGISTER SK'!F116 -> 0
A114: 113 | B114: ok | C114: =IF(G114="","",IF(G114="Umum",G114,VLOOKUP(F114,'Data Induk Pegawai'!B:AE,4,FALSE))) | D114: =IF('REGISTER SK'!A117="","",IF('REGISTER SK'!B117=0,D113,'REGISTER SK'!B117)) | E114: =IF(D114="","",D114&"/"&D114+1) | H114: =IF(F114="","",VLOOKUP(F114,'Data Induk Pegawai'!B:U,2,FALSE)) | I114: =IF('REGISTER SK'!C117="","",'REGISTER SK'!C117) | L114: =IF('REGISTER SK'!D117="","",'REGISTER SK'!D117) | M114: =IF('REGISTER SK'!E117="","",'REGISTER SK'!E117) | N114: =IF(G114="","",IF(OR(G114="GTT",G114="PTT"),"--",VLOOKUP(F114,'Data Induk Pegawai'!B:AE,4,FALSE))) | O114: Pemalang, 30 September 1991 | P114: =IF(G114="","",VLOOKUP(F114,'Data Induk Pegawai'!B:AE,7,FALSE)) | R114: =IF(G114="","","Nomor "&RIGHT(VLOOKUP(F114,'Data Induk Pegawai'!B:AE,12,FALSE),2)&" Tahun "&MID(VLOOKUP(F114,'Data Induk Pegawai'!B:AE,12,FALSE),5,4)) | S114: =IF(G114="","",VLOOKUP(F114,'Data Induk Pegawai'!B:AE,11,FALSE)) | U114: =IF(Y114="","",IF(Z114<1,AA114&" Bulan",IF(AND(Z114>0,AA114=0),Z114&" Tahun",Z114&" Tahun "&AA114&" Bulan"))) | W114: =V114&H114 | Y114: =IFERROR(IF(S114="","",DATEDIF(S114,M114,"M")),"?") | Z114: =IFERROR(IF(Y114="","",ROUNDDOWN(Y114/12,0)),"-") | AA114: =IFERROR(IF(Y114="","",Y114-Z114*12),"-") | AB114: =COUNTIFS(AC114:AC$596,AC114)&AC114 -> 483 | AC114: =IF(LEFT(V114,16)="SK Pemberhentian","OUT"&F114,IF(RIGHT(G114,2)="TT","GPTT",IF(RIGHT(G114,2)="TY","GPTY",G114))&F114) | AD114: =COUNTIFS(AC$2:AC114,AC114)&AC114 -> 113 | AE114: =IF(LEFT(V114,16)="SK Pemberhentian",E114&"OUT"&F114,E114&G114&F114) | AF114: =G114&"."&D114&"."&I114 -> .. | AG114: =L114 | AH114: =M114 | AI114: =IF(AG114="","",AJ114&" "&VLOOKUP(AK114,AX:AY,2,FALSE)&" "&AL114) | AJ114: =TEXT(AG114,"D") | AK114: =TEXT(AG114,"MMMM") | AL114: =TEXT(AG114,"YYYY") | AM114: =IF(AI114="","",AN114&" "&VLOOKUP(AO114,AX:AY,2,FALSE)&" "&AP114) | AN114: =TEXT(S114,"D") | AO114: =TEXT(S114,"MMMM") | AP114: =TEXT(S114,"YYYY") | AQ114: =IF(AM114="","",AR114&" "&VLOOKUP(AS114,AX:AY,2,FALSE)&" "&AT114) | AR114: =TEXT(M114,"D") | AS114: =TEXT(M114,"MMMM") | AT114: =TEXT(M114,"YYYY") | AU114: =IF(OR(G114="Umum",G114=""),"",VLOOKUP(VALUE(TEXT(M114,"M")-1),AW:AY,3,FALSE)) | BA114: ='REGISTER SK'!F117 -> 0
A115: 114 | B115: ok | C115: =IF(G115="","",IF(G115="Umum",G115,VLOOKUP(F115,'Data Induk Pegawai'!B:AE,4,FALSE))) | D115: =IF('REGISTER SK'!A118="","",IF('REGISTER SK'!B118=0,D114,'REGISTER SK'!B118)) | E115: =IF(D115="","",D115&"/"&D115+1) | H115: =IF(F115="","",VLOOKUP(F115,'Data Induk Pegawai'!B:U,2,FALSE)) | I115: =IF('REGISTER SK'!C118="","",'REGISTER SK'!C118) | L115: =IF('REGISTER SK'!D118="","",'REGISTER SK'!D118) | M115: =IF('REGISTER SK'!E118="","",'REGISTER SK'!E118) | N115: =IF(G115="","",IF(OR(G115="GTT",G115="PTT"),"--",VLOOKUP(F115,'Data Induk Pegawai'!B:AE,4,FALSE))) | O115: Pemalang, 8 Mei 1995 | P115: =IF(G115="","",VLOOKUP(F115,'Data Induk Pegawai'!B:AE,7,FALSE)) | R115: =IF(G115="","","Nomor "&RIGHT(VLOOKUP(F115,'Data Induk Pegawai'!B:AE,12,FALSE),2)&" Tahun "&MID(VLOOKUP(F115,'Data Induk Pegawai'!B:AE,12,FALSE),5,4)) | S115: =IF(G115="","",VLOOKUP(F115,'Data Induk Pegawai'!B:AE,11,FALSE)) | U115: =IF(Y115="","",IF(Z115<1,AA115&" Bulan",IF(AND(Z115>0,AA115=0),Z115&" Tahun",Z115&" Tahun "&AA115&" Bulan"))) | W115: =V115&H115 | Y115: =IFERROR(IF(S115="","",DATEDIF(S115,M115,"M")),"?") | Z115: =IFERROR(IF(Y115="","",ROUNDDOWN(Y115/12,0)),"-") | AA115: =IFERROR(IF(Y115="","",Y115-Z115*12),"-") | AB115: =COUNTIFS(AC115:AC$596,AC115)&AC115 -> 482 | AC115: =IF(LEFT(V115,16)="SK Pemberhentian","OUT"&F115,IF(RIGHT(G115,2)="TT","GPTT",IF(RIGHT(G115,2)="TY","GPTY",G115))&F115) | AD115: =COUNTIFS(AC$2:AC115,AC115)&AC115 -> 114 | AE115: =IF(LEFT(V115,16)="SK Pemberhentian",E115&"OUT"&F115,E115&G115&F115) | AF115: =G115&"."&D115&"."&I115 -> .. | AG115: =L115 | AH115: =M115 | AI115: =IF(AG115="","",AJ115&" "&VLOOKUP(AK115,AX:AY,2,FALSE)&" "&AL115) | AJ115: =TEXT(AG115,"D") | AK115: =TEXT(AG115,"MMMM") | AL115: =TEXT(AG115,"YYYY") | AM115: =IF(AI115="","",AN115&" "&VLOOKUP(AO115,AX:AY,2,FALSE)&" "&AP115) | AN115: =TEXT(S115,"D") | AO115: =TEXT(S115,"MMMM") | AP115: =TEXT(S115,"YYYY") | AQ115: =IF(AM115="","",AR115&" "&VLOOKUP(AS115,AX:AY,2,FALSE)&" "&AT115) | AR115: =TEXT(M115,"D") | AS115: =TEXT(M115,"MMMM") | AT115: =TEXT(M115,"YYYY") | AU115: =IF(OR(G115="Umum",G115=""),"",VLOOKUP(VALUE(TEXT(M115,"M")-1),AW:AY,3,FALSE)) | BA115: ='REGISTER SK'!F118 -> 0
A116: 115 | B116: ok | C116: =IF(G116="","",IF(G116="Umum",G116,VLOOKUP(F116,'Data Induk Pegawai'!B:AE,4,FALSE))) | D116: =IF('REGISTER SK'!A119="","",IF('REGISTER SK'!B119=0,D115,'REGISTER SK'!B119)) | E116: =IF(D116="","",D116&"/"&D116+1) | H116: =IF(F116="","",VLOOKUP(F116,'Data Induk Pegawai'!B:U,2,FALSE)) | I116: =IF('REGISTER SK'!C119="","",'REGISTER SK'!C119) | L116: =IF('REGISTER SK'!D119="","",'REGISTER SK'!D119) | M116: =IF('REGISTER SK'!E119="","",'REGISTER SK'!E119) | N116: =IF(G116="","",IF(OR(G116="GTT",G116="PTT"),"--",VLOOKUP(F116,'Data Induk Pegawai'!B:AE,4,FALSE))) | O116: Pemalang, 17 Mei 1979 | P116: =IF(G116="","",VLOOKUP(F116,'Data Induk Pegawai'!B:AE,7,FALSE)) | R116: =IF(G116="","","Nomor "&RIGHT(VLOOKUP(F116,'Data Induk Pegawai'!B:AE,12,FALSE),2)&" Tahun "&MID(VLOOKUP(F116,'Data Induk Pegawai'!B:AE,12,FALSE),5,4)) | S116: =IF(G116="","",VLOOKUP(F116,'Data Induk Pegawai'!B:AE,11,FALSE)) | U116: =IF(Y116="","",IF(Z116<1,AA116&" Bulan",IF(AND(Z116>0,AA116=0),Z116&" Tahun",Z116&" Tahun "&AA116&" Bulan"))) | W116: =V116&H116 | Y116: =IFERROR(IF(S116="","",DATEDIF(S116,M116,"M")),"?") | Z116: =IFERROR(IF(Y116="","",ROUNDDOWN(Y116/12,0)),"-") | AA116: =IFERROR(IF(Y116="","",Y116-Z116*12),"-") | AB116: =COUNTIFS(AC116:AC$596,AC116)&AC116 -> 481 | AC116: =IF(LEFT(V116,16)="SK Pemberhentian","OUT"&F116,IF(RIGHT(G116,2)="TT","GPTT",IF(RIGHT(G116,2)="TY","GPTY",G116))&F116) | AD116: =COUNTIFS(AC$2:AC116,AC116)&AC116 -> 115 | AE116: =IF(LEFT(V116,16)="SK Pemberhentian",E116&"OUT"&F116,E116&G116&F116) | AF116: =G116&"."&D116&"."&I116 -> .. | AG116: =L116 | AH116: =M116 | AI116: =IF(AG116="","",AJ116&" "&VLOOKUP(AK116,AX:AY,2,FALSE)&" "&AL116) | AJ116: =TEXT(AG116,"D") | AK116: =TEXT(AG116,"MMMM") | AL116: =TEXT(AG116,"YYYY") | AM116: =IF(AI116="","",AN116&" "&VLOOKUP(AO116,AX:AY,2,FALSE)&" "&AP116) | AN116: =TEXT(S116,"D") | AO116: =TEXT(S116,"MMMM") | AP116: =TEXT(S116,"YYYY") | AQ116: =IF(AM116="","",AR116&" "&VLOOKUP(AS116,AX:AY,2,FALSE)&" "&AT116) | AR116: =TEXT(M116,"D") | AS116: =TEXT(M116,"MMMM") | AT116: =TEXT(M116,"YYYY") | AU116: =IF(OR(G116="Umum",G116=""),"",VLOOKUP(VALUE(TEXT(M116,"M")-1),AW:AY,3,FALSE)) | BA116: ='REGISTER SK'!F119 -> 0
A117: 116 | B117: ok | C117: =IF(G117="","",IF(G117="Umum",G117,VLOOKUP(F117,'Data Induk Pegawai'!B:AE,4,FALSE))) | D117: =IF('REGISTER SK'!A120="","",IF('REGISTER SK'!B120=0,D116,'REGISTER SK'!B120)) | E117: =IF(D117="","",D117&"/"&D117+1) | H117: =IF(F117="","",VLOOKUP(F117,'Data Induk Pegawai'!B:U,2,FALSE)) | I117: =IF('REGISTER SK'!C120="","",'REGISTER SK'!C120) | L117: =IF('REGISTER SK'!D120="","",'REGISTER SK'!D120) | M117: =IF('REGISTER SK'!E120="","",'REGISTER SK'!E120) | N117: =IF(G117="","",IF(OR(G117="GTT",G117="PTT"),"--",VLOOKUP(F117,'Data Induk Pegawai'!B:AE,4,FALSE))) | O117: Pemalang, 15 Agustus 1996 | P117: =IF(G117="","",VLOOKUP(F117,'Data Induk Pegawai'!B:AE,7,FALSE)) | R117: =IF(G117="","","Nomor "&RIGHT(VLOOKUP(F117,'Data Induk Pegawai'!B:AE,12,FALSE),2)&" Tahun "&MID(VLOOKUP(F117,'Data Induk Pegawai'!B:AE,12,FALSE),5,4)) | S117: =IF(G117="","",VLOOKUP(F117,'Data Induk Pegawai'!B:AE,11,FALSE)) | U117: =IF(Y117="","",IF(Z117<1,AA117&" Bulan",IF(AND(Z117>0,AA117=0),Z117&" Tahun",Z117&" Tahun "&AA117&" Bulan"))) | W117: =V117&H117 | Y117: =IFERROR(IF(S117="","",DATEDIF(S117,M117,"M")),"?") | Z117: =IFERROR(IF(Y117="","",ROUNDDOWN(Y117/12,0)),"-") | AA117: =IFERROR(IF(Y117="","",Y117-Z117*12),"-") | AB117: =COUNTIFS(AC117:AC$596,AC117)&AC117 -> 480 | AC117: =IF(LEFT(V117,16)="SK Pemberhentian","OUT"&F117,IF(RIGHT(G117,2)="TT","GPTT",IF(RIGHT(G117,2)="TY","GPTY",G117))&F117) | AD117: =COUNTIFS(AC$2:AC117,AC117)&AC117 -> 116 | AE117: =IF(LEFT(V117,16)="SK Pemberhentian",E117&"OUT"&F117,E117&G117&F117) | AF117: =G117&"."&D117&"."&I117 -> .. | AG117: =L117 | AH117: =M117 | AI117: =IF(AG117="","",AJ117&" "&VLOOKUP(AK117,AX:AY,2,FALSE)&" "&AL117) | AJ117: =TEXT(AG117,"D") | AK117: =TEXT(AG117,"MMMM") | AL117: =TEXT(AG117,"YYYY") | AM117: =IF(AI117="","",AN117&" "&VLOOKUP(AO117,AX:AY,2,FALSE)&" "&AP117) | AN117: =TEXT(S117,"D") | AO117: =TEXT(S117,"MMMM") | AP117: =TEXT(S117,"YYYY") | AQ117: =IF(AM117="","",AR117&" "&VLOOKUP(AS117,AX:AY,2,FALSE)&" "&AT117) | AR117: =TEXT(M117,"D") | AS117: =TEXT(M117,"MMMM") | AT117: =TEXT(M117,"YYYY") | AU117: =IF(OR(G117="Umum",G117=""),"",VLOOKUP(VALUE(TEXT(M117,"M")-1),AW:AY,3,FALSE)) | BA117: ='REGISTER SK'!F120 -> 0
A118: 117 | B118: ok | C118: =IF(G118="","",IF(G118="Umum",G118,VLOOKUP(F118,'Data Induk Pegawai'!B:AE,4,FALSE))) | D118: =IF('REGISTER SK'!A121="","",IF('REGISTER SK'!B121=0,D117,'REGISTER SK'!B121)) | E118: =IF(D118="","",D118&"/"&D118+1) | H118: =IF(F118="","",VLOOKUP(F118,'Data Induk Pegawai'!B:U,2,FALSE)) | I118: =IF('REGISTER SK'!C121="","",'REGISTER SK'!C121) | L118: =IF('REGISTER SK'!D121="","",'REGISTER SK'!D121) | M118: =IF('REGISTER SK'!E121="","",'REGISTER SK'!E121) | N118: =IF(G118="","",IF(OR(G118="GTT",G118="PTT"),"--",VLOOKUP(F118,'Data Induk Pegawai'!B:AE,4,FALSE))) | O118: Pemalang, 20 Februari 1981 | P118: =IF(G118="","",VLOOKUP(F118,'Data Induk Pegawai'!B:AE,7,FALSE)) | R118: =IF(G118="","","Nomor "&RIGHT(VLOOKUP(F118,'Data Induk Pegawai'!B:AE,12,FALSE),2)&" Tahun "&MID(VLOOKUP(F118,'Data Induk Pegawai'!B:AE,12,FALSE),5,4)) | S118: =IF(G118="","",VLOOKUP(F118,'Data Induk Pegawai'!B:AE,11,FALSE)) | U118: =IF(Y118="","",IF(Z118<1,AA118&" Bulan",IF(AND(Z118>0,AA118=0),Z118&" Tahun",Z118&" Tahun "&AA118&" Bulan"))) | W118: =V118&H118 | Y118: =IFERROR(IF(S118="","",DATEDIF(S118,M118,"M")),"?") | Z118: =IFERROR(IF(Y118="","",ROUNDDOWN(Y118/12,0)),"-") | AA118: =IFERROR(IF(Y118="","",Y118-Z118*12),"-") | AB118: =COUNTIFS(AC118:AC$596,AC118)&AC118 -> 479 | AC118: =IF(LEFT(V118,16)="SK Pemberhentian","OUT"&F118,IF(RIGHT(G118,2)="TT","GPTT",IF(RIGHT(G118,2)="TY","GPTY",G118))&F118) | AD118: =COUNTIFS(AC$2:AC118,AC118)&AC118 -> 117 | AE118: =IF(LEFT(V118,16)="SK Pemberhentian",E118&"OUT"&F118,E118&G118&F118) | AF118: =G118&"."&D118&"."&I118 -> .. | AG118: =L118 | AH118: =M118 | AI118: =IF(AG118="","",AJ118&" "&VLOOKUP(AK118,AX:AY,2,FALSE)&" "&AL118) | AJ118: =TEXT(AG118,"D") | AK118: =TEXT(AG118,"MMMM") | AL118: =TEXT(AG118,"YYYY") | AM118: =IF(AI118="","",AN118&" "&VLOOKUP(AO118,AX:AY,2,FALSE)&" "&AP118) | AN118: =TEXT(S118,"D") | AO118: =TEXT(S118,"MMMM") | AP118: =TEXT(S118,"YYYY") | AQ118: =IF(AM118="","",AR118&" "&VLOOKUP(AS118,AX:AY,2,FALSE)&" "&AT118) | AR118: =TEXT(M118,"D") | AS118: =TEXT(M118,"MMMM") | AT118: =TEXT(M118,"YYYY") | AU118: =IF(OR(G118="Umum",G118=""),"",VLOOKUP(VALUE(TEXT(M118,"M")-1),AW:AY,3,FALSE)) | BA118: ='REGISTER SK'!F121 -> 0
A119: 118 | B119: ok | C119: =IF(G119="","",IF(G119="Umum",G119,VLOOKUP(F119,'Data Induk Pegawai'!B:AE,4,FALSE))) | D119: =IF('REGISTER SK'!A122="","",IF('REGISTER SK'!B122=0,D118,'REGISTER SK'!B122)) | E119: =IF(D119="","",D119&"/"&D119+1) | H119: =IF(F119="","",VLOOKUP(F119,'Data Induk Pegawai'!B:U,2,FALSE)) | I119: =IF('REGISTER SK'!C122="","",'REGISTER SK'!C122) | L119: =IF('REGISTER SK'!D122="","",'REGISTER SK'!D122) | M119: =IF('REGISTER SK'!E122="","",'REGISTER SK'!E122) | N119: =IF(G119="","",IF(OR(G119="GTT",G119="PTT"),"--",VLOOKUP(F119,'Data Induk Pegawai'!B:AE,4,FALSE))) | O119: Majalengka, 11 Mei 1994 | P119: =IF(G119="","",VLOOKUP(F119,'Data Induk Pegawai'!B:AE,7,FALSE)) | R119: =IF(G119="","","Nomor "&RIGHT(VLOOKUP(F119,'Data Induk Pegawai'!B:AE,12,FALSE),2)&" Tahun "&MID(VLOOKUP(F119,'Data Induk Pegawai'!B:AE,12,FALSE),5,4)) | S119: =IF(G119="","",VLOOKUP(F119,'Data Induk Pegawai'!B:AE,11,FALSE)) | U119: =IF(Y119="","",IF(Z119<1,AA119&" Bulan",IF(AND(Z119>0,AA119=0),Z119&" Tahun",Z119&" Tahun "&AA119&" Bulan"))) | W119: =V119&H119 | Y119: =IFERROR(IF(S119="","",DATEDIF(S119,M119,"M")),"?") | Z119: =IFERROR(IF(Y119="","",ROUNDDOWN(Y119/12,0)),"-") | AA119: =IFERROR(IF(Y119="","",Y119-Z119*12),"-") | AB119: =COUNTIFS(AC119:AC$596,AC119)&AC119 -> 478 | AC119: =IF(LEFT(V119,16)="SK Pemberhentian","OUT"&F119,IF(RIGHT(G119,2)="TT","GPTT",IF(RIGHT(G119,2)="TY","GPTY",G119))&F119) | AD119: =COUNTIFS(AC$2:AC119,AC119)&AC119 -> 118 | AE119: =IF(LEFT(V119,16)="SK Pemberhentian",E119&"OUT"&F119,E119&G119&F119) | AF119: =G119&"."&D119&"."&I119 -> .. | AG119: =L119 | AH119: =M119 | AI119: =IF(AG119="","",AJ119&" "&VLOOKUP(AK119,AX:AY,2,FALSE)&" "&AL119) | AJ119: =TEXT(AG119,"D") | AK119: =TEXT(AG119,"MMMM") | AL119: =TEXT(AG119,"YYYY") | AM119: =IF(AI119="","",AN119&" "&VLOOKUP(AO119,AX:AY,2,FALSE)&" "&AP119) | AN119: =TEXT(S119,"D") | AO119: =TEXT(S119,"MMMM") | AP119: =TEXT(S119,"YYYY") | AQ119: =IF(AM119="","",AR119&" "&VLOOKUP(AS119,AX:AY,2,FALSE)&" "&AT119) | AR119: =TEXT(M119,"D") | AS119: =TEXT(M119,"MMMM") | AT119: =TEXT(M119,"YYYY") | AU119: =IF(OR(G119="Umum",G119=""),"",VLOOKUP(VALUE(TEXT(M119,"M")-1),AW:AY,3,FALSE)) | BA119: ='REGISTER SK'!F122 -> 0
A120: 119 | B120: ok | C120: =IF(G120="","",IF(G120="Umum",G120,VLOOKUP(F120,'Data Induk Pegawai'!B:AE,4,FALSE))) | D120: =IF('REGISTER SK'!A123="","",IF('REGISTER SK'!B123=0,D119,'REGISTER SK'!B123)) | E120: =IF(D120="","",D120&"/"&D120+1) | H120: =IF(F120="","",VLOOKUP(F120,'Data Induk Pegawai'!B:U,2,FALSE)) | I120: =IF('REGISTER SK'!C123="","",'REGISTER SK'!C123) | L120: =IF('REGISTER SK'!D123="","",'REGISTER SK'!D123) | M120: =IF('REGISTER SK'!E123="","",'REGISTER SK'!E123) | N120: =IF(G120="","",IF(OR(G120="GTT",G120="PTT"),"--",VLOOKUP(F120,'Data Induk Pegawai'!B:AE,4,FALSE))) | O120: Pemalang, 10 November 1974 | P120: =IF(G120="","",VLOOKUP(F120,'Data Induk Pegawai'!B:AE,7,FALSE)) | R120: =IF(G120="","","Nomor "&RIGHT(VLOOKUP(F120,'Data Induk Pegawai'!B:AE,12,FALSE),2)&" Tahun "&MID(VLOOKUP(F120,'Data Induk Pegawai'!B:AE,12,FALSE),5,4)) | S120: =IF(G120="","",VLOOKUP(F120,'Data Induk Pegawai'!B:AE,11,FALSE)) | U120: =IF(Y120="","",IF(Z120<1,AA120&" Bulan",IF(AND(Z120>0,AA120=0),Z120&" Tahun",Z120&" Tahun "&AA120&" Bulan"))) | W120: =V120&H120 | Y120: =IFERROR(IF(S120="","",DATEDIF(S120,M120,"M")),"?") | Z120: =IFERROR(IF(Y120="","",ROUNDDOWN(Y120/12,0)),"-") | AA120: =IFERROR(IF(Y120="","",Y120-Z120*12),"-") | AB120: =COUNTIFS(AC120:AC$596,AC120)&AC120 -> 477 | AC120: =IF(LEFT(V120,16)="SK Pemberhentian","OUT"&F120,IF(RIGHT(G120,2)="TT","GPTT",IF(RIGHT(G120,2)="TY","GPTY",G120))&F120) | AD120: =COUNTIFS(AC$2:AC120,AC120)&AC120 -> 119 | AE120: =IF(LEFT(V120,16)="SK Pemberhentian",E120&"OUT"&F120,E120&G120&F120) | AF120: =G120&"."&D120&"."&I120 -> .. | AG120: =L120 | AH120: =M120 | AI120: =IF(AG120="","",AJ120&" "&VLOOKUP(AK120,AX:AY,2,FALSE)&" "&AL120) | AJ120: =TEXT(AG120,"D") | AK120: =TEXT(AG120,"MMMM") | AL120: =TEXT(AG120,"YYYY") | AM120: =IF(AI120="","",AN120&" "&VLOOKUP(AO120,AX:AY,2,FALSE)&" "&AP120) | AN120: =TEXT(S120,"D") | AO120: =TEXT(S120,"MMMM") | AP120: =TEXT(S120,"YYYY") | AQ120: =IF(AM120="","",AR120&" "&VLOOKUP(AS120,AX:AY,2,FALSE)&" "&AT120) | AR120: =TEXT(M120,"D") | AS120: =TEXT(M120,"MMMM") | AT120: =TEXT(M120,"YYYY") | AU120: =IF(OR(G120="Umum",G120=""),"",VLOOKUP(VALUE(TEXT(M120,"M")-1),AW:AY,3,FALSE)) | BA120: ='REGISTER SK'!F123 -> 0
A121: 120 | B121: ok | C121: =IF(G121="","",IF(G121="Umum",G121,VLOOKUP(F121,'Data Induk Pegawai'!B:AE,4,FALSE))) | D121: =IF('REGISTER SK'!A124="","",IF('REGISTER SK'!B124=0,D120,'REGISTER SK'!B124)) | E121: =IF(D121="","",D121&"/"&D121+1) | H121: =IF(F121="","",VLOOKUP(F121,'Data Induk Pegawai'!B:U,2,FALSE)) | I121: =IF('REGISTER SK'!C124="","",'REGISTER SK'!C124) | L121: =IF('REGISTER SK'!D124="","",'REGISTER SK'!D124) | M121: =IF('REGISTER SK'!E124="","",'REGISTER SK'!E124) | N121: =IF(G121="","",IF(OR(G121="GTT",G121="PTT"),"--",VLOOKUP(F121,'Data Induk Pegawai'!B:AE,4,FALSE))) | O121: Pemalang, 14 Agustus 1980 | P121: =IF(G121="","",VLOOKUP(F121,'Data Induk Pegawai'!B:AE,7,FALSE)) | R121: =IF(G121="","","Nomor "&RIGHT(VLOOKUP(F121,'Data Induk Pegawai'!B:AE,12,FALSE),2)&" Tahun "&MID(VLOOKUP(F121,'Data Induk Pegawai'!B:AE,12,FALSE),5,4)) | S121: =IF(G121="","",VLOOKUP(F121,'Data Induk Pegawai'!B:AE,11,FALSE)) | U121: =IF(Y121="","",IF(Z121<1,AA121&" Bulan",IF(AND(Z121>0,AA121=0),Z121&" Tahun",Z121&" Tahun "&AA121&" Bulan"))) | W121: =V121&H121 | Y121: =IFERROR(IF(S121="","",DATEDIF(S121,M121,"M")),"?") | Z121: =IFERROR(IF(Y121="","",ROUNDDOWN(Y121/12,0)),"-") | AA121: =IFERROR(IF(Y121="","",Y121-Z121*12),"-") | AB121: =COUNTIFS(AC121:AC$596,AC121)&AC121 -> 476 | AC121: =IF(LEFT(V121,16)="SK Pemberhentian","OUT"&F121,IF(RIGHT(G121,2)="TT","GPTT",IF(RIGHT(G121,2)="TY","GPTY",G121))&F121) | AD121: =COUNTIFS(AC$2:AC121,AC121)&AC121 -> 120 | AE121: =IF(LEFT(V121,16)="SK Pemberhentian",E121&"OUT"&F121,E121&G121&F121) | AF121: =G121&"."&D121&"."&I121 -> .. | AG121: =L121 | AH121: =M121 | AI121: =IF(AG121="","",AJ121&" "&VLOOKUP(AK121,AX:AY,2,FALSE)&" "&AL121) | AJ121: =TEXT(AG121,"D") | AK121: =TEXT(AG121,"MMMM") | AL121: =TEXT(AG121,"YYYY") | AM121: =IF(AI121="","",AN121&" "&VLOOKUP(AO121,AX:AY,2,FALSE)&" "&AP121) | AN121: =TEXT(S121,"D") | AO121: =TEXT(S121,"MMMM") | AP121: =TEXT(S121,"YYYY") | AQ121: =IF(AM121="","",AR121&" "&VLOOKUP(AS121,AX:AY,2,FALSE)&" "&AT121) | AR121: =TEXT(M121,"D") | AS121: =TEXT(M121,"MMMM") | AT121: =TEXT(M121,"YYYY") | AU121: =IF(OR(G121="Umum",G121=""),"",VLOOKUP(VALUE(TEXT(M121,"M")-1),AW:AY,3,FALSE)) | BA121: ='REGISTER SK'!F124 -> 0
A122: 121 | B122: ok | C122: =IF(G122="","",IF(G122="Umum",G122,VLOOKUP(F122,'Data Induk Pegawai'!B:AE,4,FALSE))) | D122: =IF('REGISTER SK'!A125="","",IF('REGISTER SK'!B125=0,D121,'REGISTER SK'!B125)) | E122: =IF(D122="","",D122&"/"&D122+1) | H122: =IF(F122="","",VLOOKUP(F122,'Data Induk Pegawai'!B:U,2,FALSE)) | I122: =IF('REGISTER SK'!C125="","",'REGISTER SK'!C125) | L122: =IF('REGISTER SK'!D125="","",'REGISTER SK'!D125) | M122: =IF('REGISTER SK'!E125="","",'REGISTER SK'!E125) | N122: =IF(G122="","",IF(OR(G122="GTT",G122="PTT"),"--",VLOOKUP(F122,'Data Induk Pegawai'!B:AE,4,FALSE))) | O122: Banyumas, 24 Maret 1984 | P122: =IF(G122="","",VLOOKUP(F122,'Data Induk Pegawai'!B:AE,7,FALSE)) | R122: =IF(G122="","","Nomor "&RIGHT(VLOOKUP(F122,'Data Induk Pegawai'!B:AE,12,FALSE),2)&" Tahun "&MID(VLOOKUP(F122,'Data Induk Pegawai'!B:AE,12,FALSE),5,4)) | S122: =IF(G122="","",VLOOKUP(F122,'Data Induk Pegawai'!B:AE,11,FALSE)) | U122: =IF(Y122="","",IF(Z122<1,AA122&" Bulan",IF(AND(Z122>0,AA122=0),Z122&" Tahun",Z122&" Tahun "&AA122&" Bulan"))) | W122: =V122&H122 | Y122: =IFERROR(IF(S122="","",DATEDIF(S122,M122,"M")),"?") | Z122: =IFERROR(IF(Y122="","",ROUNDDOWN(Y122/12,0)),"-") | AA122: =IFERROR(IF(Y122="","",Y122-Z122*12),"-") | AB122: =COUNTIFS(AC122:AC$596,AC122)&AC122 -> 475 | AC122: =IF(LEFT(V122,16)="SK Pemberhentian","OUT"&F122,IF(RIGHT(G122,2)="TT","GPTT",IF(RIGHT(G122,2)="TY","GPTY",G122))&F122) | AD122: =COUNTIFS(AC$2:AC122,AC122)&AC122 -> 121 | AE122: =IF(LEFT(V122,16)="SK Pemberhentian",E122&"OUT"&F122,E122&G122&F122) | AF122: =G122&"."&D122&"."&I122 -> .. | AG122: =L122 | AH122: =M122 | AI122: =IF(AG122="","",AJ122&" "&VLOOKUP(AK122,AX:AY,2,FALSE)&" "&AL122) | AJ122: =TEXT(AG122,"D") | AK122: =TEXT(AG122,"MMMM") | AL122: =TEXT(AG122,"YYYY") | AM122: =IF(AI122="","",AN122&" "&VLOOKUP(AO122,AX:AY,2,FALSE)&" "&AP122) | AN122: =TEXT(S122,"D") | AO122: =TEXT(S122,"MMMM") | AP122: =TEXT(S122,"YYYY") | AQ122: =IF(AM122="","",AR122&" "&VLOOKUP(AS122,AX:AY,2,FALSE)&" "&AT122) | AR122: =TEXT(M122,"D") | AS122: =TEXT(M122,"MMMM") | AT122: =TEXT(M122,"YYYY") | AU122: =IF(OR(G122="Umum",G122=""),"",VLOOKUP(VALUE(TEXT(M122,"M")-1),AW:AY,3,FALSE)) | BA122: ='REGISTER SK'!F125 -> 0
A123: 122 | B123: ok | C123: =IF(G123="","",IF(G123="Umum",G123,VLOOKUP(F123,'Data Induk Pegawai'!B:AE,4,FALSE))) | D123: =IF('REGISTER SK'!A126="","",IF('REGISTER SK'!B126=0,D122,'REGISTER SK'!B126)) | E123: =IF(D123="","",D123&"/"&D123+1) | H123: =IF(F123="","",VLOOKUP(F123,'Data Induk Pegawai'!B:U,2,FALSE)) | I123: =IF('REGISTER SK'!C126="","",'REGISTER SK'!C126) | L123: =IF('REGISTER SK'!D126="","",'REGISTER SK'!D126) | M123: =IF('REGISTER SK'!E126="","",'REGISTER SK'!E126) | N123: =IF(G123="","",IF(OR(G123="GTT",G123="PTT"),"--",VLOOKUP(F123,'Data Induk Pegawai'!B:AE,4,FALSE))) | O123: Pemalang, 6 Februari 1978 | P123: =IF(G123="","",VLOOKUP(F123,'Data Induk Pegawai'!B:AE,7,FALSE)) | R123: =IF(G123="","","Nomor "&RIGHT(VLOOKUP(F123,'Data Induk Pegawai'!B:AE,12,FALSE),2)&" Tahun "&MID(VLOOKUP(F123,'Data Induk Pegawai'!B:AE,12,FALSE),5,4)) | S123: =IF(G123="","",VLOOKUP(F123,'Data Induk Pegawai'!B:AE,11,FALSE)) | U123: =IF(Y123="","",IF(Z123<1,AA123&" Bulan",IF(AND(Z123>0,AA123=0),Z123&" Tahun",Z123&" Tahun "&AA123&" Bulan"))) | W123: =V123&H123 | Y123: =IFERROR(IF(S123="","",DATEDIF(S123,M123,"M")),"?") | Z123: =IFERROR(IF(Y123="","",ROUNDDOWN(Y123/12,0)),"-") | AA123: =IFERROR(IF(Y123="","",Y123-Z123*12),"-") | AB123: =COUNTIFS(AC123:AC$596,AC123)&AC123 -> 474 | AC123: =IF(LEFT(V123,16)="SK Pemberhentian","OUT"&F123,IF(RIGHT(G123,2)="TT","GPTT",IF(RIGHT(G123,2)="TY","GPTY",G123))&F123) | AD123: =COUNTIFS(AC$2:AC123,AC123)&AC123 -> 122 | AE123: =IF(LEFT(V123,16)="SK Pemberhentian",E123&"OUT"&F123,E123&G123&F123) | AF123: =G123&"."&D123&"."&I123 -> .. | AG123: =L123 | AH123: =M123 | AI123: =IF(AG123="","",AJ123&" "&VLOOKUP(AK123,AX:AY,2,FALSE)&" "&AL123) | AJ123: =TEXT(AG123,"D") | AK123: =TEXT(AG123,"MMMM") | AL123: =TEXT(AG123,"YYYY") | AM123: =IF(AI123="","",AN123&" "&VLOOKUP(AO123,AX:AY,2,FALSE)&" "&AP123) | AN123: =TEXT(S123,"D") | AO123: =TEXT(S123,"MMMM") | AP123: =TEXT(S123,"YYYY") | AQ123: =IF(AM123="","",AR123&" "&VLOOKUP(AS123,AX:AY,2,FALSE)&" "&AT123) | AR123: =TEXT(M123,"D") | AS123: =TEXT(M123,"MMMM") | AT123: =TEXT(M123,"YYYY") | AU123: =IF(OR(G123="Umum",G123=""),"",VLOOKUP(VALUE(TEXT(M123,"M")-1),AW:AY,3,FALSE)) | BA123: ='REGISTER SK'!F126 -> 0
A124: 123 | B124: ok | C124: =IF(G124="","",IF(G124="Umum",G124,VLOOKUP(F124,'Data Induk Pegawai'!B:AE,4,FALSE))) | D124: =IF('REGISTER SK'!A127="","",IF('REGISTER SK'!B127=0,D123,'REGISTER SK'!B127)) | E124: =IF(D124="","",D124&"/"&D124+1) | H124: =IF(F124="","",VLOOKUP(F124,'Data Induk Pegawai'!B:U,2,FALSE)) | I124: =IF('REGISTER SK'!C127="","",'REGISTER SK'!C127) | L124: =IF('REGISTER SK'!D127="","",'REGISTER SK'!D127) | M124: =IF('REGISTER SK'!E127="","",'REGISTER SK'!E127) | N124: =IF(G124="","",IF(OR(G124="GTT",G124="PTT"),"--",VLOOKUP(F124,'Data Induk Pegawai'!B:AE,4,FALSE))) | O124: Sragen, 5 November 1979 | P124: =IF(G124="","",VLOOKUP(F124,'Data Induk Pegawai'!B:AE,7,FALSE)) | R124: =IF(G124="","","Nomor "&RIGHT(VLOOKUP(F124,'Data Induk Pegawai'!B:AE,12,FALSE),2)&" Tahun "&MID(VLOOKUP(F124,'Data Induk Pegawai'!B:AE,12,FALSE),5,4)) | S124: =IF(G124="","",VLOOKUP(F124,'Data Induk Pegawai'!B:AE,11,FALSE)) | U124: =IF(Y124="","",IF(Z124<1,AA124&" Bulan",IF(AND(Z124>0,AA124=0),Z124&" Tahun",Z124&" Tahun "&AA124&" Bulan"))) | W124: =V124&H124 | Y124: =IFERROR(IF(S124="","",DATEDIF(S124,M124,"M")),"?") | Z124: =IFERROR(IF(Y124="","",ROUNDDOWN(Y124/12,0)),"-") | AA124: =IFERROR(IF(Y124="","",Y124-Z124*12),"-") | AB124: =COUNTIFS(AC124:AC$596,AC124)&AC124 -> 473 | AC124: =IF(LEFT(V124,16)="SK Pemberhentian","OUT"&F124,IF(RIGHT(G124,2)="TT","GPTT",IF(RIGHT(G124,2)="TY","GPTY",G124))&F124) | AD124: =COUNTIFS(AC$2:AC124,AC124)&AC124 -> 123 | AE124: =IF(LEFT(V124,16)="SK Pemberhentian",E124&"OUT"&F124,E124&G124&F124) | AF124: =G124&"."&D124&"."&I124 -> .. | AG124: =L124 | AH124: =M124 | AI124: =IF(AG124="","",AJ124&" "&VLOOKUP(AK124,AX:AY,2,FALSE)&" "&AL124) | AJ124: =TEXT(AG124,"D") | AK124: =TEXT(AG124,"MMMM") | AL124: =TEXT(AG124,"YYYY") | AM124: =IF(AI124="","",AN124&" "&VLOOKUP(AO124,AX:AY,2,FALSE)&" "&AP124) | AN124: =TEXT(S124,"D") | AO124: =TEXT(S124,"MMMM") | AP124: =TEXT(S124,"YYYY") | AQ124: =IF(AM124="","",AR124&" "&VLOOKUP(AS124,AX:AY,2,FALSE)&" "&AT124) | AR124: =TEXT(M124,"D") | AS124: =TEXT(M124,"MMMM") | AT124: =TEXT(M124,"YYYY") | AU124: =IF(OR(G124="Umum",G124=""),"",VLOOKUP(VALUE(TEXT(M124,"M")-1),AW:AY,3,FALSE)) | BA124: ='REGISTER SK'!F127 -> 0
... A156: 155 | B156: ok | C156: =IF(G156="","",IF(G156="Umum",G156,VLOOKUP(F156,'Data Induk Pegawai'!B:AE,4,FALSE))) | D156: =IF('REGISTER SK'!A159="","",IF('REGISTER SK'!B159=0,D155,'REGISTER SK'!B159)) | E156: =IF(D156="","",D156&"/"&D156+1) | H156: =IF(F156="","",VLOOKUP(F156,'Data Induk Pegawai'!B:U,2,FALSE)) | I156: =IF('REGISTER SK'!C159="","",'REGISTER SK'!C159) | L156: =IF('REGISTER SK'!D159="","",'REGISTER SK'!D159) | M156: =IF('REGISTER SK'!E159="","",'REGISTER SK'!E159) | N156: =IF(G156="","",IF(OR(G156="GTT",G156="PTT"),"--",VLOOKUP(F156,'Data Induk Pegawai'!B:AE,4,FALSE))) | O156: Pemalang, 31 Juli 1994 | P156: =IF(G156="","",VLOOKUP(F156,'Data Induk Pegawai'!B:AE,7,FALSE)) | R156: =IF(G156="","","Nomor "&RIGHT(VLOOKUP(F156,'Data Induk Pegawai'!B:AE,12,FALSE),2)&" Tahun "&MID(VLOOKUP(F156,'Data Induk Pegawai'!B:AE,12,FALSE),5,4)) | S156: =IF(G156="","",VLOOKUP(F156,'Data Induk Pegawai'!B:AE,11,FALSE)) | U156: =IF(Y156="","",IF(Z156<1,AA156&" Bulan",IF(AND(Z156>0,AA156=0),Z156&" Tahun",Z156&" Tahun "&AA156&" Bulan"))) | W156: =V156&H156 | Y156: =IFERROR(IF(S156="","",DATEDIF(S156,M156,"M")),"?") | Z156: =IFERROR(IF(Y156="","",ROUNDDOWN(Y156/12,0)),"-") | AA156: =IFERROR(IF(Y156="","",Y156-Z156*12),"-") | AB156: =COUNTIFS(AC156:AC$596,AC156)&AC156 -> 441 | AC156: =IF(LEFT(V156,16)="SK Pemberhentian","OUT"&F156,IF(RIGHT(G156,2)="TT","GPTT",IF(RIGHT(G156,2)="TY","GPTY",G156))&F156) | AD156: =COUNTIFS(AC$2:AC156,AC156)&AC156 -> 155 | AE156: =IF(LEFT(V156,16)="SK Pemberhentian",E156&"OUT"&F156,E156&G156&F156) | AF156: =G156&"."&D156&"."&I156 -> .. | AG156: =L156 | AH156: =M156 | AI156: =IF(AG156="","",AJ156&" "&VLOOKUP(AK156,AX:AY,2,FALSE)&" "&AL156) | AJ156: =TEXT(AG156,"D") | AK156: =TEXT(AG156,"MMMM") | AL156: =TEXT(AG156,"YYYY") | AM156: =IF(AI156="","",AN156&" "&VLOOKUP(AO156,AX:AY,2,FALSE)&" "&AP156) | AN156: =TEXT(S156,"D") | AO156: =TEXT(S156,"MMMM") | AP156: =TEXT(S156,"YYYY") | AQ156: =IF(AM156="","",AR156&" "&VLOOKUP(AS156,AX:AY,2,FALSE)&" "&AT156) | AR156: =TEXT(M156,"D") | AS156: =TEXT(M156,"MMMM") | AT156: =TEXT(M156,"YYYY") | AU156: =IF(OR(G156="Umum",G156=""),"",VLOOKUP(VALUE(TEXT(M156,"M")-1),AW:AY,3,FALSE)) | BA156: ='REGISTER SK'!F159 -> 0
A157: 156 | B157: ok | C157: =IF(G157="","",IF(G157="Umum",G157,VLOOKUP(F157,'Data Induk Pegawai'!B:AE,4,FALSE))) | D157: =IF('REGISTER SK'!A160="","",IF('REGISTER SK'!B160=0,D156,'REGISTER SK'!B160)) | E157: =IF(D157="","",D157&"/"&D157+1) | H157: =IF(F157="","",VLOOKUP(F157,'Data Induk Pegawai'!B:U,2,FALSE)) | I157: =IF('REGISTER SK'!C160="","",'REGISTER SK'!C160) | L157: =IF('REGISTER SK'!D160="","",'REGISTER SK'!D160) | M157: =IF('REGISTER SK'!E160="","",'REGISTER SK'!E160) | N157: =IF(G157="","",IF(OR(G157="GTT",G157="PTT"),"--",VLOOKUP(F157,'Data Induk Pegawai'!B:AE,4,FALSE))) | O157: #N/A | P157: =IF(G157="","",VLOOKUP(F157,'Data Induk Pegawai'!B:AE,7,FALSE)) | R157: =IF(G157="","","Nomor "&RIGHT(VLOOKUP(F157,'Data Induk Pegawai'!B:AE,12,FALSE),2)&" Tahun "&MID(VLOOKUP(F157,'Data Induk Pegawai'!B:AE,12,FALSE),5,4)) | S157: =IF(G157="","",VLOOKUP(F157,'Data Induk Pegawai'!B:AE,11,FALSE)) | U157: =IF(Y157="","",IF(Z157<1,AA157&" Bulan",IF(AND(Z157>0,AA157=0),Z157&" Tahun",Z157&" Tahun "&AA157&" Bulan"))) | W157: =V157&H157 | Y157: =IFERROR(IF(S157="","",DATEDIF(S157,M157,"M")),"?") | Z157: =IFERROR(IF(Y157="","",ROUNDDOWN(Y157/12,0)),"-") | AA157: =IFERROR(IF(Y157="","",Y157-Z157*12),"-") | AB157: =COUNTIFS(AC157:AC$596,AC157)&AC157 -> 440 | AC157: =IF(LEFT(V157,16)="SK Pemberhentian","OUT"&F157,IF(RIGHT(G157,2)="TT","GPTT",IF(RIGHT(G157,2)="TY","GPTY",G157))&F157) | AD157: =COUNTIFS(AC$2:AC157,AC157)&AC157 -> 156 | AE157: =IF(LEFT(V157,16)="SK Pemberhentian",E157&"OUT"&F157,E157&G157&F157) | AF157: =G157&"."&D157&"."&I157 -> .. | AG157: =L157 | AH157: =M157 | AI157: =IF(AG157="","",AJ157&" "&VLOOKUP(AK157,AX:AY,2,FALSE)&" "&AL157) | AJ157: =TEXT(AG157,"D") | AK157: =TEXT(AG157,"MMMM") | AL157: =TEXT(AG157,"YYYY") | AM157: =IF(AI157="","",AN157&" "&VLOOKUP(AO157,AX:AY,2,FALSE)&" "&AP157) | AN157: =TEXT(S157,"D") | AO157: =TEXT(S157,"MMMM") | AP157: =TEXT(S157,"YYYY") | AQ157: =IF(AM157="","",AR157&" "&VLOOKUP(AS157,AX:AY,2,FALSE)&" "&AT157) | AR157: =TEXT(M157,"D") | AS157: =TEXT(M157,"MMMM") | AT157: =TEXT(M157,"YYYY") | AU157: =IF(OR(G157="Umum",G157=""),"",VLOOKUP(VALUE(TEXT(M157,"M")-1),AW:AY,3,FALSE)) | BA157: ='REGISTER SK'!F160 -> 0
A158: 157 | C158: =IF(G158="","",IF(G158="Umum",G158,VLOOKUP(F158,'Data Induk Pegawai'!B:AE,4,FALSE))) | D158: =IF('REGISTER SK'!A161="","",IF('REGISTER SK'!B161=0,D157,'REGISTER SK'!B161)) | E158: =IF(D158="","",D158&"/"&D158+1) | H158: =IF(F158="","",VLOOKUP(F158,'Data Induk Pegawai'!B:U,2,FALSE)) | I158: =IF('REGISTER SK'!C161="","",'REGISTER SK'!C161) | L158: =IF('REGISTER SK'!D161="","",'REGISTER SK'!D161) | M158: =IF('REGISTER SK'!E161="","",'REGISTER SK'!E161) | N158: =IF(G158="","",IF(OR(G158="GTT",G158="PTT"),"--",VLOOKUP(F158,'Data Induk Pegawai'!B:AE,4,FALSE))) | P158: =IF(G158="","",VLOOKUP(F158,'Data Induk Pegawai'!B:AE,7,FALSE)) | R158: =IF(G158="","","Nomor "&RIGHT(VLOOKUP(F158,'Data Induk Pegawai'!B:AE,12,FALSE),2)&" Tahun "&MID(VLOOKUP(F158,'Data Induk Pegawai'!B:AE,12,FALSE),5,4)) | S158: =IF(G158="","",VLOOKUP(F158,'Data Induk Pegawai'!B:AE,11,FALSE)) | U158: =IF(Y158="","",IF(Z158<1,AA158&" Bulan",IF(AND(Z158>0,AA158=0),Z158&" Tahun",Z158&" Tahun "&AA158&" Bulan"))) | W158: =V158&H158 | Y158: =IFERROR(IF(S158="","",DATEDIF(S158,M158,"M")),"?") | Z158: =IFERROR(IF(Y158="","",ROUNDDOWN(Y158/12,0)),"-") | AA158: =IFERROR(IF(Y158="","",Y158-Z158*12),"-") | AB158: =COUNTIFS(AC158:AC$596,AC158)&AC158 -> 439 | AC158: =IF(LEFT(V158,16)="SK Pemberhentian","OUT"&F158,IF(RIGHT(G158,2)="TT","GPTT",IF(RIGHT(G158,2)="TY","GPTY",G158))&F158) | AD158: =COUNTIFS(AC$2:AC158,AC158)&AC158 -> 157 | AE158: =IF(LEFT(V158,16)="SK Pemberhentian",E158&"OUT"&F158,E158&G158&F158) | AF158: =G158&"."&D158&"."&I158 -> .. | AG158: =L158 | AH158: =M158 | AI158: =IF(AG158="","",AJ158&" "&VLOOKUP(AK158,AX:AY,2,FALSE)&" "&AL158) | AJ158: =TEXT(AG158,"D") | AK158: =TEXT(AG158,"MMMM") | AL158: =TEXT(AG158,"YYYY") | AM158: =IF(AI158="","",AN158&" "&VLOOKUP(AO158,AX:AY,2,FALSE)&" "&AP158) | AN158: =TEXT(S158,"D") | AO158: =TEXT(S158,"MMMM") | AP158: =TEXT(S158,"YYYY") | AQ158: =IF(AM158="","",AR158&" "&VLOOKUP(AS158,AX:AY,2,FALSE)&" "&AT158) | AR158: =TEXT(M158,"D") | AS158: =TEXT(M158,"MMMM") | AT158: =TEXT(M158,"YYYY") | AU158: =IF(OR(G158="Umum",G158=""),"",VLOOKUP(VALUE(TEXT(M158,"M")-1),AW:AY,3,FALSE)) | BA158: ='REGISTER SK'!F161 -> 0
A159: 158 | B159: ok | C159: =IF(G159="","",IF(G159="Umum",G159,VLOOKUP(F159,'Data Induk Pegawai'!B:AE,4,FALSE))) | D159: =IF('REGISTER SK'!A162="","",IF('REGISTER SK'!B162=0,D158,'REGISTER SK'!B162)) | E159: =IF(D159="","",D159&"/"&D159+1) | H159: =IF(F159="","",VLOOKUP(F159,'Data Induk Pegawai'!B:U,2,FALSE)) | I159: =IF('REGISTER SK'!C162="","",'REGISTER SK'!C162) | L159: =IF('REGISTER SK'!D162="","",'REGISTER SK'!D162) | M159: =IF('REGISTER SK'!E162="","",'REGISTER SK'!E162) | N159: =IF(G159="","",IF(OR(G159="GTT",G159="PTT"),"--",VLOOKUP(F159,'Data Induk Pegawai'!B:AE,4,FALSE))) | O159: Pemalang, 16 September 1995 | P159: =IF(G159="","",VLOOKUP(F159,'Data Induk Pegawai'!B:AE,7,FALSE)) | R159: =IF(G159="","","Nomor "&RIGHT(VLOOKUP(F159,'Data Induk Pegawai'!B:AE,12,FALSE),2)&" Tahun "&MID(VLOOKUP(F159,'Data Induk Pegawai'!B:AE,12,FALSE),5,4)) | S159: =IF(G159="","",VLOOKUP(F159,'Data Induk Pegawai'!B:AE,11,FALSE)) | U159: =IF(Y159="","",IF(Z159<1,AA159&" Bulan",IF(AND(Z159>0,AA159=0),Z159&" Tahun",Z159&" Tahun "&AA159&" Bulan"))) | W159: =V159&H159 | Y159: =IFERROR(IF(S159="","",DATEDIF(S159,M159,"M")),"?") | Z159: =IFERROR(IF(Y159="","",ROUNDDOWN(Y159/12,0)),"-") | AA159: =IFERROR(IF(Y159="","",Y159-Z159*12),"-") | AB159: =COUNTIFS(AC159:AC$596,AC159)&AC159 -> 438 | AC159: =IF(LEFT(V159,16)="SK Pemberhentian","OUT"&F159,IF(RIGHT(G159,2)="TT","GPTT",IF(RIGHT(G159,2)="TY","GPTY",G159))&F159) | AD159: =COUNTIFS(AC$2:AC159,AC159)&AC159 -> 158 | AE159: =IF(LEFT(V159,16)="SK Pemberhentian",E159&"OUT"&F159,E159&G159&F159) | AF159: =G159&"."&D159&"."&I159 -> .. | AG159: =L159 | AH159: =M159 | AI159: =IF(AG159="","",AJ159&" "&VLOOKUP(AK159,AX:AY,2,FALSE)&" "&AL159) | AJ159: =TEXT(AG159,"D") | AK159: =TEXT(AG159,"MMMM") | AL159: =TEXT(AG159,"YYYY") | AM159: =IF(AI159="","",AN159&" "&VLOOKUP(AO159,AX:AY,2,FALSE)&" "&AP159) | AN159: =TEXT(S159,"D") | AO159: =TEXT(S159,"MMMM") | AP159: =TEXT(S159,"YYYY") | AQ159: =IF(AM159="","",AR159&" "&VLOOKUP(AS159,AX:AY,2,FALSE)&" "&AT159) | AR159: =TEXT(M159,"D") | AS159: =TEXT(M159,"MMMM") | AT159: =TEXT(M159,"YYYY") | AU159: =IF(OR(G159="Umum",G159=""),"",VLOOKUP(VALUE(TEXT(M159,"M")-1),AW:AY,3,FALSE)) | BA159: ='REGISTER SK'!F162 -> 0
A160: 159 | B160: ok | C160: =IF(G160="","",IF(G160="Umum",G160,VLOOKUP(F160,'Data Induk Pegawai'!B:AE,4,FALSE))) | D160: =IF('REGISTER SK'!A163="","",IF('REGISTER SK'!B163=0,D159,'REGISTER SK'!B163)) | E160: =IF(D160="","",D160&"/"&D160+1) | H160: =IF(F160="","",VLOOKUP(F160,'Data Induk Pegawai'!B:U,2,FALSE)) | I160: =IF('REGISTER SK'!C163="","",'REGISTER SK'!C163) | L160: =IF('REGISTER SK'!D163="","",'REGISTER SK'!D163) | M160: =IF('REGISTER SK'!E163="","",'REGISTER SK'!E163) | N160: =IF(G160="","",IF(OR(G160="GTT",G160="PTT"),"--",VLOOKUP(F160,'Data Induk Pegawai'!B:AE,4,FALSE))) | O160: Pemalang, 16 Mei 1993 | P160: =IF(G160="","",VLOOKUP(F160,'Data Induk Pegawai'!B:AE,7,FALSE)) | R160: =IF(G160="","","Nomor "&RIGHT(VLOOKUP(F160,'Data Induk Pegawai'!B:AE,12,FALSE),2)&" Tahun "&MID(VLOOKUP(F160,'Data Induk Pegawai'!B:AE,12,FALSE),5,4)) | S160: =IF(G160="","",VLOOKUP(F160,'Data Induk Pegawai'!B:AE,11,FALSE)) | U160: =IF(Y160="","",IF(Z160<1,AA160&" Bulan",IF(AND(Z160>0,AA160=0),Z160&" Tahun",Z160&" Tahun "&AA160&" Bulan"))) | W160: =V160&H160 | Y160: =IFERROR(IF(S160="","",DATEDIF(S160,M160,"M")),"?") | Z160: =IFERROR(IF(Y160="","",ROUNDDOWN(Y160/12,0)),"-") | AA160: =IFERROR(IF(Y160="","",Y160-Z160*12),"-") | AB160: =COUNTIFS(AC160:AC$596,AC160)&AC160 -> 437 | AC160: =IF(LEFT(V160,16)="SK Pemberhentian","OUT"&F160,IF(RIGHT(G160,2)="TT","GPTT",IF(RIGHT(G160,2)="TY","GPTY",G160))&F160) | AD160: =COUNTIFS(AC$2:AC160,AC160)&AC160 -> 159 | AE160: =IF(LEFT(V160,16)="SK Pemberhentian",E160&"OUT"&F160,E160&G160&F160) | AF160: =G160&"."&D160&"."&I160 -> .. | AG160: =L160 | AH160: =M160 | AI160: =IF(AG160="","",AJ160&" "&VLOOKUP(AK160,AX:AY,2,FALSE)&" "&AL160) | AJ160: =TEXT(AG160,"D") | AK160: =TEXT(AG160,"MMMM") | AL160: =TEXT(AG160,"YYYY") | AM160: =IF(AI160="","",AN160&" "&VLOOKUP(AO160,AX:AY,2,FALSE)&" "&AP160) | AN160: =TEXT(S160,"D") | AO160: =TEXT(S160,"MMMM") | AP160: =TEXT(S160,"YYYY") | AQ160: =IF(AM160="","",AR160&" "&VLOOKUP(AS160,AX:AY,2,FALSE)&" "&AT160) | AR160: =TEXT(M160,"D") | AS160: =TEXT(M160,"MMMM") | AT160: =TEXT(M160,"YYYY") | AU160: =IF(OR(G160="Umum",G160=""),"",VLOOKUP(VALUE(TEXT(M160,"M")-1),AW:AY,3,FALSE)) | BA160: ='REGISTER SK'!F163 -> 0
A161: 160 | B161: ok | C161: =IF(G161="","",IF(G161="Umum",G161,VLOOKUP(F161,'Data Induk Pegawai'!B:AE,4,FALSE))) | D161: =IF('REGISTER SK'!A164="","",IF('REGISTER SK'!B164=0,D160,'REGISTER SK'!B164)) | E161: =IF(D161="","",D161&"/"&D161+1) | H161: =IF(F161="","",VLOOKUP(F161,'Data Induk Pegawai'!B:U,2,FALSE)) | I161: =IF('REGISTER SK'!C164="","",'REGISTER SK'!C164) | L161: =IF('REGISTER SK'!D164="","",'REGISTER SK'!D164) | M161: =IF('REGISTER SK'!E164="","",'REGISTER SK'!E164) | N161: =IF(G161="","",IF(OR(G161="GTT",G161="PTT"),"--",VLOOKUP(F161,'Data Induk Pegawai'!B:AE,4,FALSE))) | O161: Tegal, 29 Agustus 1999 | P161: =IF(G161="","",VLOOKUP(F161,'Data Induk Pegawai'!B:AE,7,FALSE)) | R161: =IF(G161="","","Nomor "&RIGHT(VLOOKUP(F161,'Data Induk Pegawai'!B:AE,12,FALSE),2)&" Tahun "&MID(VLOOKUP(F161,'Data Induk Pegawai'!B:AE,12,FALSE),5,4)) | S161: =IF(G161="","",VLOOKUP(F161,'Data Induk Pegawai'!B:AE,11,FALSE)) | U161: =IF(Y161="","",IF(Z161<1,AA161&" Bulan",IF(AND(Z161>0,AA161=0),Z161&" Tahun",Z161&" Tahun "&AA161&" Bulan"))) | W161: =V161&H161 | Y161: =IFERROR(IF(S161="","",DATEDIF(S161,M161,"M")),"?") | Z161: =IFERROR(IF(Y161="","",ROUNDDOWN(Y161/12,0)),"-") | AA161: =IFERROR(IF(Y161="","",Y161-Z161*12),"-") | AB161: =COUNTIFS(AC161:AC$596,AC161)&AC161 -> 436 | AC161: =IF(LEFT(V161,16)="SK Pemberhentian","OUT"&F161,IF(RIGHT(G161,2)="TT","GPTT",IF(RIGHT(G161,2)="TY","GPTY",G161))&F161) | AD161: =COUNTIFS(AC$2:AC161,AC161)&AC161 -> 160 | AE161: =IF(LEFT(V161,16)="SK Pemberhentian",E161&"OUT"&F161,E161&G161&F161) | AF161: =G161&"."&D161&"."&I161 -> .. | AG161: =L161 | AH161: =M161 | AI161: =IF(AG161="","",AJ161&" "&VLOOKUP(AK161,AX:AY,2,FALSE)&" "&AL161) | AJ161: =TEXT(AG161,"D") | AK161: =TEXT(AG161,"MMMM") | AL161: =TEXT(AG161,"YYYY") | AM161: =IF(AI161="","",AN161&" "&VLOOKUP(AO161,AX:AY,2,FALSE)&" "&AP161) | AN161: =TEXT(S161,"D") | AO161: =TEXT(S161,"MMMM") | AP161: =TEXT(S161,"YYYY") | AQ161: =IF(AM161="","",AR161&" "&VLOOKUP(AS161,AX:AY,2,FALSE)&" "&AT161) | AR161: =TEXT(M161,"D") | AS161: =TEXT(M161,"MMMM") | AT161: =TEXT(M161,"YYYY") | AU161: =IF(OR(G161="Umum",G161=""),"",VLOOKUP(VALUE(TEXT(M161,"M")-1),AW:AY,3,FALSE)) | BA161: ='REGISTER SK'!F164 -> 0
A162: 161 | B162: ok | C162: =IF(G162="","",IF(G162="Umum",G162,VLOOKUP(F162,'Data Induk Pegawai'!B:AE,4,FALSE))) | D162: =IF('REGISTER SK'!A165="","",IF('REGISTER SK'!B165=0,D161,'REGISTER SK'!B165)) | E162: =IF(D162="","",D162&"/"&D162+1) | H162: =IF(F162="","",VLOOKUP(F162,'Data Induk Pegawai'!B:U,2,FALSE)) | I162: =IF('REGISTER SK'!C165="","",'REGISTER SK'!C165) | L162: =IF('REGISTER SK'!D165="","",'REGISTER SK'!D165) | M162: =IF('REGISTER SK'!E165="","",'REGISTER SK'!E165) | N162: =IF(G162="","",IF(OR(G162="GTT",G162="PTT"),"--",VLOOKUP(F162,'Data Induk Pegawai'!B:AE,4,FALSE))) | O162: Pemalang, 14 Agustus 1980 | P162: =IF(G162="","",VLOOKUP(F162,'Data Induk Pegawai'!B:AE,7,FALSE)) | R162: =IF(G162="","","Nomor "&RIGHT(VLOOKUP(F162,'Data Induk Pegawai'!B:AE,12,FALSE),2)&" Tahun "&MID(VLOOKUP(F162,'Data Induk Pegawai'!B:AE,12,FALSE),5,4)) | S162: =IF(G162="","",VLOOKUP(F162,'Data Induk Pegawai'!B:AE,11,FALSE)) | U162: =IF(Y162="","",IF(Z162<1,AA162&" Bulan",IF(AND(Z162>0,AA162=0),Z162&" Tahun",Z162&" Tahun "&AA162&" Bulan"))) | W162: =V162&H162 | Y162: =IFERROR(IF(S162="","",DATEDIF(S162,M162,"M")),"?") | Z162: =IFERROR(IF(Y162="","",ROUNDDOWN(Y162/12,0)),"-") | AA162: =IFERROR(IF(Y162="","",Y162-Z162*12),"-") | AB162: =COUNTIFS(AC162:AC$596,AC162)&AC162 -> 435 | AC162: =IF(LEFT(V162,16)="SK Pemberhentian","OUT"&F162,IF(RIGHT(G162,2)="TT","GPTT",IF(RIGHT(G162,2)="TY","GPTY",G162))&F162) | AD162: =COUNTIFS(AC$2:AC162,AC162)&AC162 -> 161 | AE162: =IF(LEFT(V162,16)="SK Pemberhentian",E162&"OUT"&F162,E162&G162&F162) | AF162: =G162&"."&D162&"."&I162 -> .. | AG162: =L162 | AH162: =M162 | AI162: =IF(AG162="","",AJ162&" "&VLOOKUP(AK162,AX:AY,2,FALSE)&" "&AL162) | AJ162: =TEXT(AG162,"D") | AK162: =TEXT(AG162,"MMMM") | AL162: =TEXT(AG162,"YYYY") | AM162: =IF(AI162="","",AN162&" "&VLOOKUP(AO162,AX:AY,2,FALSE)&" "&AP162) | AN162: =TEXT(S162,"D") | AO162: =TEXT(S162,"MMMM") | AP162: =TEXT(S162,"YYYY") | AQ162: =IF(AM162="","",AR162&" "&VLOOKUP(AS162,AX:AY,2,FALSE)&" "&AT162) | AR162: =TEXT(M162,"D") | AS162: =TEXT(M162,"MMMM") | AT162: =TEXT(M162,"YYYY") | AU162: =IF(OR(G162="Umum",G162=""),"",VLOOKUP(VALUE(TEXT(M162,"M")-1),AW:AY,3,FALSE)) | BA162: ='REGISTER SK'!F165 -> 0
